canal;campanha;grupo de anúncio;data;impressões;cliques;leads;valor gasto
facebook;atr_leads | Genérica  + Geral Promo [CBO];LAL 1% COMPRADORES;2024-06-30;1899.0;10.0;1.0;48.3
facebook;atr_leads | avalie o seu usado [CBO] 2;LAL 1% COMPRADORES — AJUSTADO;2024-06-30;3687.0;38.0;4.0;60.47
facebook;atr_leads | promo - creta [CBO] 2;RMKT;2024-06-30;1080.0;7.0;3.0;32.62
facebook;atr_leads | promo - hb20 (CBO) 2;LAL Compradores 1%;2024-06-30;1059.0;3.0;1.0;13.96
facebook;atr_leads | promo - hb20 (CBO) 2;RMKT;2024-06-30;768.0;5.0;0.0;16.77
facebook;atr_leads | Genérica  + Geral Promo [CBO];LAL 1% COMPRADORES;2024-06-29;870.0;8.0;0.0;24.34
facebook;atr_leads | avalie o seu usado [CBO] 2;LAL 1% COMPRADORES — AJUSTADO;2024-06-29;1645.0;12.0;1.0;29.81
facebook;atr_leads | promo - creta [CBO] 2;RMKT;2024-06-29;1624.0;10.0;0.0;40.86
facebook;atr_leads | promo - hb20 (CBO) 2;LAL Compradores 1%;2024-06-29;1295.0;10.0;1.0;17.58
facebook;atr_leads | promo - hb20 (CBO) 2;RMKT;2024-06-29;1080.0;5.0;0.0;23.91
facebook;atr_leads | Genérica  + Geral Promo [CBO];LAL 1% COMPRADORES;2024-06-28;1049.0;7.0;2.0;30.83
facebook;atr_leads | avalie o seu usado [CBO] 2;LAL 1% COMPRADORES — AJUSTADO;2024-06-28;2188.0;18.0;3.0;35.47
facebook;atr_leads | promo - creta [CBO] 2;RMKT;2024-06-28;2136.0;11.0;2.0;43.31
facebook;atr_leads | promo - hb20 (CBO) 2;LAL Compradores 1%;2024-06-28;1171.0;13.0;4.0;19.25
facebook;atr_leads | promo - hb20 (CBO) 2;RMKT;2024-06-28;1067.0;8.0;0.0;24.03
facebook;atr_leads | Genérica  + Geral Promo [CBO];LAL 1% COMPRADORES;2024-06-27;944.0;11.0;1.0;29.49
facebook;atr_leads | avalie o seu usado [CBO] 2;LAL 1% COMPRADORES — AJUSTADO;2024-06-27;1994.0;16.0;3.0;34.15
facebook;atr_leads | promo - creta [CBO] 2;RMKT;2024-06-27;2175.0;10.0;3.0;44.57
facebook;atr_leads | promo - hb20 (CBO) 2;LAL Compradores 1%;2024-06-27;1745.0;3.0;1.0;22.43
facebook;atr_leads | promo - hb20 (CBO) 2;RMKT;2024-06-27;1005.0;12.0;2.0;20.86
facebook;atr_leads | Genérica  + Geral Promo [CBO];LAL 1% COMPRADORES;2024-06-26;1191.0;7.0;2.0;29.26
facebook;atr_leads | avalie o seu usado [CBO] 2;LAL 1% COMPRADORES — AJUSTADO;2024-06-26;2477.0;15.0;4.0;35.64
facebook;atr_leads | promo - creta [CBO] 2;RMKT;2024-06-26;2552.0;11.0;2.0;44.6
facebook;atr_leads | promo - hb20 (CBO) 2;LAL Compradores 1%;2024-06-26;1961.0;4.0;2.0;25.76
facebook;atr_leads | promo - hb20 (CBO) 2;RMKT;2024-06-26;916.0;4.0;3.0;18.94
facebook;atr_leads | Genérica  + Geral Promo [CBO];LAL 1% COMPRADORES;2024-06-25;1005.0;6.0;0.0;30.0
facebook;atr_leads | avalie o seu usado [CBO] 2;LAL 1% COMPRADORES — AJUSTADO;2024-06-25;2441.0;21.0;4.0;35.06
facebook;atr_leads | promo - creta [CBO] 2;RMKT;2024-06-25;2247.0;12.0;2.0;45.99
facebook;atr_leads | promo - hb20 (CBO) 2;LAL Compradores 1%;2024-06-25;2249.0;7.0;2.0;29.12
facebook;atr_leads | promo - hb20 (CBO) 2;RMKT;2024-06-25;695.0;7.0;2.0;15.98
facebook;atr_leads | Genérica  + Geral Promo [CBO];LAL 1% COMPRADORES;2024-06-24;1231.0;7.0;0.0;31.08
facebook;atr_leads | avalie o seu usado [CBO] 2;LAL 1% COMPRADORES — AJUSTADO;2024-06-24;2138.0;19.0;5.0;31.8
facebook;atr_leads | promo - creta [CBO] 2;RMKT;2024-06-24;1791.0;17.0;3.0;44.86
facebook;atr_leads | promo - hb20 (CBO) 2;LAL Compradores 1%;2024-06-24;1859.0;12.0;1.0;28.46
facebook;atr_leads | promo - hb20 (CBO) 2;RMKT;2024-06-24;1052.0;8.0;0.0;17.46
facebook;atr_leads | avalie o seu usado [CBO] 2;LAL 1% COMPRADORES — AJUSTADO;2024-06-23;1757.0;10.0;2.0;27.74
facebook;atr_leads | promo - creta [CBO] 2;RMKT;2024-06-23;1625.0;15.0;3.0;43.06
facebook;atr_leads | promo - hb20 (CBO) 2;LAL Compradores 1%;2024-06-23;1658.0;15.0;4.0;22.77
facebook;atr_leads | promo - hb20 (CBO) 2;RMKT;2024-06-23;894.0;8.0;0.0;19.64
facebook;atr_leads | Hyundai Day;LAL Compradores 1%;2024-06-22;1360.0;3.0;1.0;23.08
facebook;atr_leads | avalie o seu usado [CBO] 2;LAL 1% COMPRADORES — AJUSTADO;2024-06-22;1282.0;9.0;2.0;22.55
facebook;atr_leads | promo - creta [CBO] 2;RMKT;2024-06-22;1176.0;12.0;1.0;35.31
facebook;atr_leads | promo - hb20 (CBO) 2;LAL Compradores 1%;2024-06-22;699.0;1.0;1.0;13.84
facebook;atr_leads | promo - hb20 (CBO) 2;RMKT;2024-06-22;1141.0;7.0;0.0;28.27
facebook;atr_leads | Hyundai Day;LAL Compradores 1%;2024-06-21;2382.0;8.0;3.0;52.75
facebook;atr_leads | avalie o seu usado [CBO] 2;LAL 1% COMPRADORES — AJUSTADO;2024-06-21;1511.0;14.0;2.0;24.4
facebook;atr_leads | promo - creta [CBO] 2;RMKT;2024-06-21;1242.0;15.0;1.0;39.2
facebook;atr_leads | promo - hb20 (CBO) 2;LAL Compradores 1%;2024-06-21;730.0;5.0;2.0;14.5
facebook;atr_leads | promo - hb20 (CBO) 2;RMKT;2024-06-21;1358.0;5.0;0.0;28.86
facebook;atr_leads | Hyundai Day;LAL Compradores 1%;2024-06-20;2441.0;10.0;2.0;51.78
facebook;atr_leads | avalie o seu usado [CBO] 2;LAL 1% COMPRADORES — AJUSTADO;2024-06-20;1471.0;14.0;5.0;24.02
facebook;atr_leads | promo - creta [CBO] 2;RMKT;2024-06-20;1272.0;17.0;3.0;38.97
facebook;atr_leads | promo - hb20 (CBO) 2;LAL Compradores 1%;2024-06-20;945.0;1.0;1.0;19.42
facebook;atr_leads | promo - hb20 (CBO) 2;RMKT;2024-06-20;1447.0;8.0;1.0;23.97
facebook;atr_leads | Hyundai Day;LAL Compradores 1%;2024-06-19;2494.0;12.0;5.0;53.57
facebook;atr_leads | avalie o seu usado [CBO] 2;LAL 1% COMPRADORES — AJUSTADO;2024-06-19;1264.0;14.0;4.0;24.62
facebook;atr_leads | promo - creta [CBO] 2;RMKT;2024-06-19;1756.0;13.0;1.0;39.78
facebook;atr_leads | promo - hb20 (CBO) 2;LAL Compradores 1%;2024-06-19;613.0;2.0;1.0;10.86
facebook;atr_leads | promo - hb20 (CBO) 2;RMKT;2024-06-19;674.0;3.0;0.0;15.52
facebook;atr_leads | Hyundai Day;LAL Compradores 1%;2024-06-18;2782.0;22.0;6.0;52.71
facebook;atr_leads | avalie o seu usado [CBO] 2;LAL 1% COMPRADORES — AJUSTADO;2024-06-18;1342.0;14.0;0.0;25.5
facebook;atr_leads | promo - creta [CBO] 2;RMKT;2024-06-18;1853.0;20.0;5.0;40.33
facebook;atr_leads | promo - hb20 (CBO) 2;LAL Compradores 1%;2024-06-18;1641.0;10.0;1.0;21.6
facebook;atr_leads | promo - hb20 (CBO) 2;RMKT;2024-06-18;1000.0;5.0;0.0;18.27
facebook;atr_leads | Hyundai Day;LAL Compradores 1%;2024-06-17;1931.0;18.0;3.0;38.18
facebook;atr_leads | Hyundai Day;LAL Volvo + Interesses Hyundai;2024-06-17;815.0;3.0;1.0;17.01
facebook;atr_leads | avalie o seu usado [CBO] 2;LAL 1% COMPRADORES — AJUSTADO;2024-06-17;1517.0;20.0;4.0;26.15
facebook;atr_leads | promo - creta [CBO] 2;RMKT;2024-06-17;2099.0;22.0;2.0;42.22
facebook;atr_leads | promo - hb20 (CBO) 2;LAL Compradores 1%;2024-06-17;2151.0;10.0;0.0;22.32
facebook;atr_leads | promo - hb20 (CBO) 2;RMKT;2024-06-17;933.0;5.0;3.0;19.1
facebook;atr_leads | avalie o seu usado [CBO] 2;LAL 1% COMPRADORES — AJUSTADO;2024-06-16;1811.0;15.0;2.0;27.69
facebook;atr_leads | promo - creta [CBO] 2;RMKT;2024-06-16;1881.0;17.0;2.0;44.19
facebook;atr_leads | promo - hb20 (CBO) 2;LAL Compradores 1%;2024-06-16;2663.0;13.0;3.0;28.4
facebook;atr_leads | promo - hb20 (CBO) 2;RMKT;2024-06-16;690.0;9.0;2.0;14.94
facebook;atr_leads | avalie o seu usado [CBO] 2;LAL 1% COMPRADORES — AJUSTADO;2024-06-15;1464.0;13.0;0.0;22.83
facebook;atr_leads | promo - creta [CBO] 2;RMKT;2024-06-15;2155.0;9.0;2.0;36.79
facebook;atr_leads | promo - hb20 (CBO) 2;LAL Compradores 1%;2024-06-15;1582.0;18.0;4.0;21.94
facebook;atr_leads | promo - hb20 (CBO) 2;RMKT;2024-06-15;516.0;9.0;2.0;14.78
facebook;atr_leads | avalie o seu usado [CBO] 2;LAL 1% COMPRADORES — AJUSTADO;2024-06-14;1370.0;16.0;6.0;24.15
facebook;atr_leads | promo - creta [CBO] 2;RMKT;2024-06-14;1717.0;20.0;1.0;37.85
facebook;atr_leads | promo - hb20 (CBO) 2;LAL Compradores 1%;2024-06-14;1404.0;11.0;0.0;17.73
facebook;atr_leads | promo - hb20 (CBO) 2;LAL Volvo + Interesses Hyundai;2024-06-14;448.0;1.0;0.0;6.94
facebook;atr_leads | promo - hb20 (CBO) 2;RMKT;2024-06-14;592.0;4.0;0.0;13.81
facebook;atr_leads | Hyundai Day;LAL Compradores 1%;2024-06-13;504.0;4.0;2.0;10.65
facebook;atr_leads | Hyundai Day;LAL Volvo + Interesses Hyundai;2024-06-13;399.0;1.0;0.0;6.65
facebook;atr_leads | avalie o seu usado [CBO] 2;LAL 1% COMPRADORES — AJUSTADO;2024-06-13;1411.0;8.0;1.0;23.21
facebook;atr_leads | promo - creta [CBO] 2;RMKT;2024-06-13;1808.0;9.0;3.0;38.61
facebook;atr_leads | promo - hb20 (CBO) 2;LAL Compradores 1%;2024-06-13;964.0;6.0;3.0;16.91
facebook;atr_leads | promo - hb20 (CBO) 2;LAL Volvo + Interesses Hyundai;2024-06-13;721.0;5.0;0.0;9.22
facebook;atr_leads | promo - hb20 (CBO) 2;RMKT;2024-06-13;758.0;1.0;0.0;11.53
facebook;atr_leads | Genérica  + Geral Promo [CBO];LAL 1% COMPRADORES;2024-06-12;169.0;2.0;0.0;5.59
facebook;atr_leads | Hyundai Day;LAL Compradores 1%;2024-06-12;634.0;7.0;1.0;13.09
facebook;atr_leads | Hyundai Day;LAL Volvo + Interesses Hyundai;2024-06-12;1017.0;2.0;1.0;19.13
facebook;atr_leads | avalie o seu usado [CBO] 2;LAL 1% COMPRADORES — AJUSTADO;2024-06-12;1528.0;11.0;2.0;24.68
facebook;atr_leads | promo - creta [CBO] 2;RMKT;2024-06-12;2211.0;12.0;4.0;46.43
facebook;atr_leads | promo - hb20 (CBO) 2;LAL Compradores 1%;2024-06-12;1328.0;5.0;1.0;17.71
facebook;atr_leads | promo - hb20 (CBO) 2;LAL Volvo + Interesses Hyundai;2024-06-12;672.0;2.0;0.0;9.28
facebook;atr_leads | promo - hb20 (CBO) 2;RMKT;2024-06-12;719.0;7.0;3.0;16.16
facebook;atr_leads | Genérica  + Geral Promo [CBO];LAL 1% COMPRADORES;2024-06-11;923.0;6.0;1.0;25.87
facebook;atr_leads | avalie o seu usado [CBO] 2;LAL 1% COMPRADORES — AJUSTADO;2024-06-11;1528.0;10.0;3.0;26.17
facebook;atr_leads | promo - creta [CBO] 2;RMKT;2024-06-11;2102.0;18.0;4.0;52.67
facebook;atr_leads | promo - hb20 (CBO) 2;LAL Compradores 1%;2024-06-11;1443.0;17.0;4.0;23.03
facebook;atr_leads | promo - hb20 (CBO) 2;LAL Volvo + Interesses Hyundai;2024-06-11;905.0;3.0;3.0;13.15
facebook;atr_leads | promo - hb20 (CBO) 2;RMKT;2024-06-11;600.0;9.0;1.0;14.41
facebook;atr_leads | Genérica  + Geral Promo [CBO];LAL 1% COMPRADORES;2024-06-10;932.0;15.0;3.0;26.8
facebook;atr_leads | avalie o seu usado [CBO] 2;LAL 1% COMPRADORES — AJUSTADO;2024-06-10;1661.0;14.0;1.0;26.88
facebook;atr_leads | promo - creta [CBO] 2;Int. Auto + Pais +30 AB;2024-06-10;538.0;5.0;1.0;14.18
facebook;atr_leads | promo - creta [CBO] 2;RMKT;2024-06-10;1358.0;11.0;2.0;37.42
facebook;atr_leads | promo - hb20 (CBO) 2;LAL Compradores 1%;2024-06-10;1488.0;10.0;2.0;24.27
facebook;atr_leads | promo - hb20 (CBO) 2;LAL Volvo + Interesses Hyundai;2024-06-10;848.0;1.0;0.0;11.53
facebook;atr_leads | promo - hb20 (CBO) 2;RMKT;2024-06-10;683.0;4.0;0.0;17.05
facebook;atr_leads | Genérica  + Geral Promo [CBO];LAL 1% COMPRADORES;2024-06-09;1135.0;7.0;0.0;26.97
facebook;atr_leads | avalie o seu usado [CBO] 2;LAL 1% COMPRADORES — AJUSTADO;2024-06-09;1690.0;14.0;4.0;27.07
facebook;atr_leads | promo - creta [CBO] 2;Int. Auto + Pais +30 AB;2024-06-09;866.0;5.0;0.0;17.48
facebook;atr_leads | promo - creta [CBO] 2;RMKT;2024-06-09;1301.0;10.0;5.0;36.17
facebook;atr_leads | promo - hb20 (CBO) 2;LAL Compradores 1%;2024-06-09;2287.0;9.0;3.0;31.82
facebook;atr_leads | promo - hb20 (CBO) 2;LAL Volvo + Interesses Hyundai;2024-06-09;727.0;4.0;0.0;10.75
facebook;atr_leads | promo - hb20 (CBO) 2;RMKT;2024-06-09;714.0;3.0;0.0;11.09
facebook;atr_leads | Genérica  + Geral Promo [CBO];LAL 1% COMPRADORES;2024-06-08;903.0;10.0;3.0;23.55
facebook;atr_leads | avalie o seu usado [CBO] 2;LAL 1% COMPRADORES — AJUSTADO;2024-06-08;1290.0;6.0;1.0;24.81
facebook;atr_leads | promo - creta [CBO] 2;Int. Auto + Pais +30 AB;2024-06-08;1604.0;6.0;1.0;35.38
facebook;atr_leads | promo - creta [CBO] 2;RMKT;2024-06-08;677.0;2.0;0.0;22.54
facebook;atr_leads | promo - hb20 (CBO) 2;LAL Compradores 1%;2024-06-08;2271.0;6.0;1.0;35.49
facebook;atr_leads | promo - hb20 (CBO) 2;LAL Volvo + Interesses Hyundai;2024-06-08;602.0;1.0;1.0;11.16
facebook;atr_leads | promo - hb20 (CBO) 2;RMKT;2024-06-08;855.0;6.0;0.0;15.26
facebook;atr_leads | Genérica  + Geral Promo [CBO];LAL 1% COMPRADORES;2024-06-07;898.0;8.0;2.0;23.55
facebook;atr_leads | avalie o seu usado [CBO] 2;LAL 1% COMPRADORES — AJUSTADO;2024-06-07;1235.0;9.0;2.0;25.71
facebook;atr_leads | promo - creta [CBO] 2;Int. Auto + Pais +30 AB;2024-06-07;955.0;6.0;0.0;27.95
facebook;atr_leads | promo - creta [CBO] 2;RMKT;2024-06-07;1049.0;11.0;0.0;32.43
facebook;atr_leads | promo - hb20 (CBO) 2;LAL Compradores 1%;2024-06-07;2064.0;4.0;2.0;37.79
facebook;atr_leads | promo - hb20 (CBO) 2;LAL Volvo + Interesses Hyundai;2024-06-07;611.0;2.0;2.0;12.27
facebook;atr_leads | promo - hb20 (CBO) 2;RMKT;2024-06-07;591.0;3.0;0.0;12.94
facebook;atr_leads | Genérica  + Geral Promo [CBO];LAL 1% COMPRADORES;2024-06-06;1004.0;7.0;1.0;24.56
facebook;atr_leads | avalie o seu usado [CBO] 2;LAL 1% COMPRADORES — AJUSTADO;2024-06-06;1035.0;8.0;0.0;21.13
facebook;atr_leads | promo - creta [CBO] 2;Int. Auto + Pais +30 AB;2024-06-06;818.0;12.0;2.0;16.42
facebook;atr_leads | promo - creta [CBO] 2;RMKT;2024-06-06;339.0;1.0;0.0;7.74
facebook;atr_leads | promo - hb20 (CBO) 2;LAL Compradores 1%;2024-06-06;1390.0;8.0;2.0;12.3
facebook;atr_leads | promo - hb20 (CBO) 2;LAL Volvo + Interesses Hyundai;2024-06-06;450.0;2.0;0.0;5.01
facebook;atr_leads | promo - hb20 (CBO) 2;RMKT;2024-06-06;462.0;2.0;0.0;4.68
facebook;atr_leads | Genérica  + Geral Promo [CBO];LAL 1% COMPRADORES;2024-06-05;1139.0;11.0;1.0;29.86
facebook;atr_leads | avalie o seu usado [CBO];LAL 1% COMPRADORES — AJUSTADO;2024-06-05;792.0;6.0;0.0;11.79
facebook;atr_leads | avalie o seu usado [CBO] 2;LAL 1% COMPRADORES — AJUSTADO;2024-06-05;522.0;3.0;0.0;10.29
facebook;atr_leads | promo - creta [CBO] 2;Int. Auto + Pais +30 AB;2024-06-05;476.0;6.0;2.0;9.63
facebook;atr_leads | promo - creta [CBO] 2;RMKT;2024-06-05;1654.0;16.0;2.0;32.01
facebook;atr_leads | promo - hb20 (CBO) 2;LAL Compradores 1%;2024-06-05;3583.0;15.0;4.0;30.14
facebook;atr_leads | promo - hb20 (CBO) 2;LAL Volvo + Interesses Hyundai;2024-06-05;922.0;8.0;1.0;9.66
facebook;atr_leads | promo - hb20 (CBO) 2;RMKT;2024-06-05;921.0;6.0;2.0;9.15
facebook;atr_leads | Genérica  + Geral Promo [CBO];LAL 1% COMPRADORES;2024-06-04;1289.0;11.0;1.0;29.92
facebook;atr_leads | avalie o seu usado [CBO];LAL 1% COMPRADORES — AJUSTADO;2024-06-04;1593.0;10.0;0.0;25.2
facebook;atr_leads | promo - creta [CBO] 2;Int. Auto + Pais +30 AB;2024-06-04;369.0;2.0;1.0;5.55
facebook;atr_leads | promo - creta [CBO] 2;RMKT;2024-06-04;2146.0;20.0;1.0;38.81
facebook;atr_leads | promo - hb20 (CBO) 2;LAL Compradores 1%;2024-06-04;3834.0;14.0;3.0;30.32
facebook;atr_leads | promo - hb20 (CBO) 2;LAL Volvo + Interesses Hyundai;2024-06-04;1198.0;7.0;0.0;9.41
facebook;atr_leads | promo - hb20 (CBO) 2;RMKT;2024-06-04;1094.0;5.0;0.0;9.91
facebook;atr_leads | Genérica  + Geral Promo [CBO];LAL 1% COMPRADORES;2024-06-03;1296.0;8.0;3.0;31.64
facebook;atr_leads | avalie o seu usado [CBO];LAL 1% COMPRADORES — AJUSTADO;2024-06-03;2049.0;15.0;1.0;25.81
facebook;atr_leads | promo - creta [CBO] 2;Int. Auto + Pais +30 AB;2024-06-03;1405.0;11.0;1.0;17.51
facebook;atr_leads | promo - creta [CBO] 2;RMKT;2024-06-03;1576.0;11.0;5.0;29.54
facebook;atr_leads | promo - hb20 (CBO) 2;LAL Compradores 1%;2024-06-03;3822.0;13.0;3.0;32.28
facebook;atr_leads | promo - hb20 (CBO) 2;LAL Volvo + Interesses Hyundai;2024-06-03;994.0;10.0;1.0;9.03
facebook;atr_leads | promo - hb20 (CBO) 2;RMKT;2024-06-03;976.0;5.0;2.0;9.78
facebook;atr_leads | Genérica  + Geral Promo [CBO];LAL 1% COMPRADORES;2024-06-02;1074.0;6.0;2.0;33.9
facebook;atr_leads | avalie o seu usado [CBO];LAL 1% COMPRADORES — AJUSTADO;2024-06-02;1922.0;16.0;0.0;27.74
facebook;atr_leads | promo - creta [CBO] 2;Int. Auto + Pais +30 AB;2024-06-02;1227.0;14.0;0.0;15.29
facebook;atr_leads | promo - creta [CBO] 2;RMKT;2024-06-02;2402.0;14.0;1.0;33.65
facebook;atr_leads | promo - hb20 (CBO) 2;LAL Compradores 1%;2024-06-02;3941.0;35.0;13.0;33.85
facebook;atr_leads | promo - hb20 (CBO) 2;LAL Volvo + Interesses Hyundai;2024-06-02;1106.0;10.0;1.0;10.22
facebook;atr_leads | promo - hb20 (CBO) 2;RMKT;2024-06-02;953.0;5.0;2.0;9.35
facebook;atr_leads | Genérica  + Geral Promo [CBO];LAL 1% COMPRADORES;2024-06-01;934.0;10.0;5.0;27.86
facebook;atr_leads | avalie o seu usado [CBO];LAL 1% COMPRADORES — AJUSTADO;2024-06-01;1725.0;15.0;1.0;23.39
facebook;atr_leads | promo - creta [CBO] 2;Int. Auto + Pais +30 AB;2024-06-01;1407.0;10.0;0.0;16.94
facebook;atr_leads | promo - creta [CBO] 2;RMKT;2024-06-01;1610.0;12.0;2.0;26.45
facebook;atr_leads | promo - hb20 (CBO) 2;LAL Compradores 1%;2024-06-01;2621.0;25.0;3.0;27.39
facebook;atr_leads | promo - hb20 (CBO) 2;LAL Volvo + Interesses Hyundai;2024-06-01;878.0;5.0;0.0;10.62
facebook;atr_leads | promo - hb20 (CBO) 2;RMKT;2024-06-01;867.0;8.0;2.0;9.47
facebook;atr_leads | Genérica [CBO];LAL 1% COMPRADORES;2024-07-31;5439.0;61.0;8.0;115.11
facebook;atr_leads | Promo HR [CBO];VUC;2024-07-31;1005.0;4.0;1.0;30.32
facebook;atr_leads | avalie o seu usado [CBO] 2;LAL 1% COMPRADORES — AJUSTADO;2024-07-31;4444.0;27.0;6.0;74.7
facebook;atr_leads | promo - creta [CBO] 2;RMKT;2024-07-31;1130.0;6.0;2.0;48.08
facebook;atr_leads | promo - hb20 (CBO) 2;LAL Compradores 1%;2024-07-31;2368.0;17.0;5.0;46.21
facebook;atr_leads | Genérica [CBO];LAL 1% COMPRADORES;2024-07-30;3211.0;29.0;2.0;76.42
facebook;atr_leads | Promo HR [CBO];VUC;2024-07-30;1892.0;8.0;2.0;59.27
facebook;atr_leads | promo - creta [CBO] 2;RMKT;2024-07-30;2700.0;22.0;4.0;86.75
facebook;atr_leads | promo - hb20 (CBO) 2;LAL Compradores 1%;2024-07-30;5263.0;15.0;2.0;85.66
facebook;atr_leads | Genérica [CBO];LAL 1% COMPRADORES;2024-07-29;4006.0;32.0;5.0;77.73
facebook;atr_leads | Promo HR [CBO];VUC;2024-07-29;2878.0;11.0;3.0;56.5
facebook;atr_leads | promo - creta [CBO] 2;RMKT;2024-07-29;3035.0;20.0;4.0;83.15
facebook;atr_leads | promo - hb20 (CBO) 2;LAL Compradores 1%;2024-07-29;7343.0;33.0;5.0;88.92
facebook;atr_leads | Genérica [CBO];LAL 1% COMPRADORES;2024-07-28;3551.0;35.0;8.0;80.18
facebook;atr_leads | Promo HR [CBO];VUC;2024-07-28;3173.0;14.0;2.0;61.0
facebook;atr_leads | promo - creta [CBO] 2;RMKT;2024-07-28;4389.0;20.0;3.0;88.56
facebook;atr_leads | promo - hb20 (CBO) 2;LAL Compradores 1%;2024-07-28;7007.0;32.0;6.0;89.19
facebook;atr_leads | Genérica [CBO];LAL 1% COMPRADORES;2024-07-27;2728.0;19.0;3.0;68.73
facebook;atr_leads | Promo HR [CBO];VUC;2024-07-27;2540.0;11.0;2.0;48.75
facebook;atr_leads | promo - creta [CBO] 2;RMKT;2024-07-27;3984.0;15.0;4.0;79.07
facebook;atr_leads | promo - hb20 (CBO) 2;LAL Compradores 1%;2024-07-27;5157.0;20.0;4.0;76.77
facebook;atr_leads | Genérica [CBO];LAL 1% COMPRADORES;2024-07-26;2993.0;27.0;2.0;72.34
facebook;atr_leads | Promo HR [CBO];VUC;2024-07-26;3367.0;14.0;2.0;51.93
facebook;atr_leads | promo - creta [CBO] 2;RMKT;2024-07-26;3544.0;19.0;6.0;81.34
facebook;atr_leads | promo - hb20 (CBO) 2;LAL Compradores 1%;2024-07-26;5175.0;22.0;5.0;82.53
facebook;atr_leads | Genérica [CBO];LAL 1% COMPRADORES;2024-07-25;3962.0;35.0;4.0;73.43
facebook;atr_leads | Promo HR [CBO];VUC;2024-07-25;2926.0;11.0;3.0;56.15
facebook;atr_leads | promo - creta [CBO] 2;RMKT;2024-07-25;3651.0;23.0;2.0;82.67
facebook;atr_leads | promo - hb20 (CBO) 2;LAL Compradores 1%;2024-07-25;4721.0;28.0;9.0;83.87
facebook;atr_leads | Genérica [CBO];LAL 1% COMPRADORES;2024-07-24;4529.0;44.0;5.0;75.42
facebook;atr_leads | Promo HR [CBO];VUC;2024-07-24;2978.0;15.0;6.0;56.53
facebook;atr_leads | promo - creta [CBO] 2;RMKT;2024-07-24;4355.0;27.0;4.0;83.79
facebook;atr_leads | promo - hb20 (CBO) 2;LAL Compradores 1%;2024-07-24;5662.0;26.0;6.0;83.82
facebook;atr_leads | Genérica [CBO];LAL 1% COMPRADORES;2024-07-23;3924.0;43.0;7.0;64.48
facebook;atr_leads | Promo HR [CBO];VUC;2024-07-23;3059.0;6.0;1.0;52.32
facebook;atr_leads | avalie o seu usado [CBO] 2;LAL 1% COMPRADORES — AJUSTADO;2024-07-23;2011.0;6.0;3.0;26.8
facebook;atr_leads | promo - creta [CBO] 2;RMKT;2024-07-23;4226.0;23.0;6.0;82.95
facebook;atr_leads | promo - hb20 (CBO) 2;LAL Compradores 1%;2024-07-23;6318.0;29.0;4.0;82.92
facebook;atr_leads | Genérica [CBO];LAL 1% COMPRADORES;2024-07-22;3384.0;49.0;4.0;52.34
facebook;atr_leads | Promo HR [CBO];VUC;2024-07-22;3470.0;5.0;2.0;54.23
facebook;atr_leads | avalie o seu usado [CBO] 2;LAL 1% COMPRADORES — AJUSTADO;2024-07-22;3870.0;19.0;6.0;52.44
facebook;atr_leads | promo - creta [CBO] 2;RMKT;2024-07-22;3385.0;22.0;4.0;78.57
facebook;atr_leads | promo - hb20 (CBO) 2;LAL Compradores 1%;2024-07-22;4977.0;29.0;5.0;80.86
facebook;atr_leads | Genérica [CBO];LAL 1% COMPRADORES;2024-07-21;3299.0;32.0;5.0;53.74
facebook;atr_leads | Promo HR [CBO];VUC;2024-07-21;3875.0;10.0;1.0;53.66
facebook;atr_leads | avalie o seu usado [CBO] 2;LAL 1% COMPRADORES — AJUSTADO;2024-07-21;3371.0;25.0;1.0;53.35
facebook;atr_leads | promo - creta [CBO] 2;RMKT;2024-07-21;3393.0;28.0;7.0;81.01
facebook;atr_leads | promo - hb20 (CBO) 2;LAL Compradores 1%;2024-07-21;4442.0;20.0;7.0;79.64
facebook;atr_leads | Genérica [CBO];LAL 1% COMPRADORES;2024-07-20;2937.0;38.0;2.0;44.26
facebook;atr_leads | Promo HR [CBO];VUC;2024-07-20;2953.0;18.0;1.0;45.43
facebook;atr_leads | avalie o seu usado [CBO] 2;LAL 1% COMPRADORES — AJUSTADO;2024-07-20;2484.0;10.0;0.0;45.52
facebook;atr_leads | promo - creta [CBO] 2;RMKT;2024-07-20;2569.0;25.0;1.0;70.57
facebook;atr_leads | promo - hb20 (CBO) 2;LAL Compradores 1%;2024-07-20;3986.0;33.0;5.0;69.0
facebook;atr_leads | Genérica [CBO];LAL 1% COMPRADORES;2024-07-19;2353.0;30.0;9.0;47.34
facebook;atr_leads | Promo HR [CBO];VUC;2024-07-19;3480.0;9.0;1.0;46.02
facebook;atr_leads | avalie o seu usado [CBO] 2;LAL 1% COMPRADORES — AJUSTADO;2024-07-19;3001.0;14.0;2.0;47.68
facebook;atr_leads | promo - creta [CBO] 2;RMKT;2024-07-19;3191.0;7.0;0.0;70.5
facebook;atr_leads | promo - hb20 (CBO) 2;LAL Compradores 1%;2024-07-19;2548.0;8.0;2.0;71.08
facebook;atr_leads | Genérica [CBO];LAL 1% COMPRADORES;2024-07-18;2436.0;25.0;2.0;50.3
facebook;atr_leads | Promo HR [CBO];VUC;2024-07-18;3537.0;7.0;2.0;50.99
facebook;atr_leads | avalie o seu usado [CBO] 2;LAL 1% COMPRADORES — AJUSTADO;2024-07-18;4189.0;12.0;0.0;49.37
facebook;atr_leads | promo - creta [CBO] 2;RMKT;2024-07-18;4086.0;13.0;3.0;73.33
facebook;atr_leads | promo - hb20 (CBO) 2;LAL Compradores 1%;2024-07-18;2875.0;20.0;4.0;74.7
facebook;atr_leads | Genérica [CBO];LAL 1% COMPRADORES;2024-07-17;2779.0;15.0;3.0;50.04
facebook;atr_leads | Promo HR [CBO];VUC;2024-07-17;3234.0;12.0;1.0;50.74
facebook;atr_leads | avalie o seu usado [CBO] 2;LAL 1% COMPRADORES — AJUSTADO;2024-07-17;5464.0;24.0;4.0;50.54
facebook;atr_leads | promo - creta [CBO] 2;Int. Auto + Pais +30 AB;2024-07-17;571.0;3.0;1.0;14.3
facebook;atr_leads | promo - creta [CBO] 2;RMKT;2024-07-17;2564.0;16.0;3.0;59.41
facebook;atr_leads | promo - hb20 (CBO) 2;LAL Compradores 1%;2024-07-17;3164.0;32.0;5.0;74.14
facebook;atr_leads | Genérica [CBO];LAL 1% COMPRADORES;2024-07-16;2649.0;20.0;1.0;50.69
facebook;atr_leads | Promo HR [CBO];VUC;2024-07-16;3645.0;12.0;1.0;50.39
facebook;atr_leads | avalie o seu usado [CBO] 2;LAL 1% COMPRADORES — AJUSTADO;2024-07-16;3397.0;21.0;2.0;50.78
facebook;atr_leads | promo - creta [CBO] 2;Int. Auto + Pais +30 AB;2024-07-16;1366.0;12.0;3.0;37.02
facebook;atr_leads | promo - creta [CBO] 2;RMKT;2024-07-16;2052.0;18.0;1.0;39.49
facebook;atr_leads | promo - hb20 (CBO) 2;LAL Compradores 1%;2024-07-16;3535.0;20.0;2.0;75.48
facebook;atr_leads | Genérica [CBO];LAL 1% COMPRADORES;2024-07-15;2813.0;19.0;3.0;52.49
facebook;atr_leads | Promo HR [CBO];VUC;2024-07-15;2433.0;7.0;1.0;51.94
facebook;atr_leads | avalie o seu usado [CBO] 2;LAL 1% COMPRADORES — AJUSTADO;2024-07-15;2939.0;24.0;5.0;52.17
facebook;atr_leads | promo - creta [CBO] 2;Int. Auto + Pais +30 AB;2024-07-15;825.0;9.0;1.0;15.89
facebook;atr_leads | promo - creta [CBO] 2;RMKT;2024-07-15;2787.0;19.0;4.0;62.95
facebook;atr_leads | promo - hb20 (CBO) 2;LAL Compradores 1%;2024-07-15;4967.0;20.0;3.0;78.96
facebook;atr_leads | Genérica [CBO];LAL 1% COMPRADORES;2024-07-14;2458.0;24.0;5.0;54.86
facebook;atr_leads | Promo HR [CBO];VUC;2024-07-14;1784.0;6.0;1.0;54.48
facebook;atr_leads | avalie o seu usado [CBO] 2;LAL 1% COMPRADORES — AJUSTADO;2024-07-14;3243.0;24.0;4.0;53.88
facebook;atr_leads | promo - creta [CBO] 2;Int. Auto + Pais +30 AB;2024-07-14;2001.0;4.0;0.0;40.6
facebook;atr_leads | promo - creta [CBO] 2;RMKT;2024-07-14;1993.0;16.0;4.0;40.6
facebook;atr_leads | promo - hb20 (CBO) 2;LAL Compradores 1%;2024-07-14;4580.0;20.0;2.0;81.64
facebook;atr_leads | Genérica [CBO];LAL 1% COMPRADORES;2024-07-13;1875.0;24.0;10.0;45.95
facebook;atr_leads | Promo HR [CBO];VUC;2024-07-13;2606.0;6.0;2.0;55.97
facebook;atr_leads | avalie o seu usado [CBO] 2;LAL 1% COMPRADORES — AJUSTADO;2024-07-13;2485.0;17.0;3.0;46.65
facebook;atr_leads | promo - creta [CBO] 2;Int. Auto + Pais +30 AB;2024-07-13;994.0;8.0;3.0;19.97
facebook;atr_leads | promo - creta [CBO] 2;RMKT;2024-07-13;2218.0;9.0;1.0;48.33
facebook;atr_leads | promo - hb20 (CBO) 2;LAL Compradores 1%;2024-07-13;3774.0;18.0;2.0;68.78
facebook;atr_leads | Genérica [CBO];LAL 1% COMPRADORES;2024-07-12;1899.0;16.0;6.0;48.42
facebook;atr_leads | Promo HR [CBO];VUC;2024-07-12;2960.0;5.0;0.0;54.41
facebook;atr_leads | avalie o seu usado [CBO] 2;LAL 1% COMPRADORES — AJUSTADO;2024-07-12;2650.0;27.0;6.0;47.72
facebook;atr_leads | promo - creta [CBO] 2;Int. Auto + Pais +30 AB;2024-07-12;707.0;4.0;0.0;15.04
facebook;atr_leads | promo - creta [CBO] 2;RMKT;2024-07-12;2873.0;10.0;3.0;53.78
facebook;atr_leads | promo - hb20 (CBO) 2;LAL Compradores 1%;2024-07-12;4492.0;25.0;4.0;71.28
facebook;atr_leads | Genérica [CBO];LAL 1% COMPRADORES;2024-07-11;2120.0;11.0;4.0;50.11
facebook;atr_leads | Promo HR [CBO];VUC;2024-07-11;1390.0;7.0;3.0;35.64
facebook;atr_leads | avalie o seu usado [CBO] 2;LAL 1% COMPRADORES — AJUSTADO;2024-07-11;2562.0;21.0;5.0;51.21
facebook;atr_leads | promo - creta [CBO] 2;Int. Auto + Pais +30 AB;2024-07-11;1872.0;9.0;2.0;40.77
facebook;atr_leads | promo - creta [CBO] 2;LAL  Volvo + Interesses Hyundai;2024-07-11;79.0;0.0;0.0;1.67
facebook;atr_leads | promo - creta [CBO] 2;RMKT;2024-07-11;1328.0;9.0;2.0;29.65
facebook;atr_leads | promo - hb20 (CBO) 2;LAL Compradores 1%;2024-07-11;4652.0;18.0;4.0;66.73
facebook;atr_leads | promo - hb20 (CBO) 2;RMKT;2024-07-11;260.0;0.0;0.0;5.15
facebook;atr_leads | Genérica [CBO];LAL 1% COMPRADORES;2024-07-10;1802.0;20.0;6.0;50.33
facebook;atr_leads | Promo HR [CBO];Empresários;2024-07-10;109.0;0.0;0.0;4.86
facebook;atr_leads | Promo HR [CBO];VUC;2024-07-10;2684.0;13.0;5.0;50.38
facebook;atr_leads | avalie o seu usado [CBO] 2;LAL 1% COMPRADORES — AJUSTADO;2024-07-10;2298.0;21.0;9.0;51.02
facebook;atr_leads | promo - creta [CBO] 2;Int. Auto + Pais +30 AB;2024-07-10;1435.0;11.0;1.0;39.49
facebook;atr_leads | promo - creta [CBO] 2;LAL  Volvo + Interesses Hyundai;2024-07-10;629.0;3.0;0.0;15.1
facebook;atr_leads | promo - creta [CBO] 2;RMKT;2024-07-10;1080.0;3.0;0.0;18.88
facebook;atr_leads | promo - hb20 (CBO) 2;LAL Compradores 1%;2024-07-10;2944.0;11.0;4.0;51.92
facebook;atr_leads | promo - hb20 (CBO) 2;RMKT;2024-07-10;1098.0;6.0;1.0;21.27
facebook;atr_leads | Genérica [CBO];LAL 1% COMPRADORES;2024-07-09;1810.0;24.0;1.0;52.78
facebook;atr_leads | Promo HR [CBO];Empresários;2024-07-09;374.0;0.0;0.0;11.7
facebook;atr_leads | Promo HR [CBO];VUC;2024-07-09;2651.0;8.0;3.0;41.88
facebook;atr_leads | avalie o seu usado [CBO] 2;LAL 1% COMPRADORES — AJUSTADO;2024-07-09;2526.0;20.0;3.0;51.03
facebook;atr_leads | promo - creta [CBO] 2;Int. Auto + Pais +30 AB;2024-07-09;1260.0;8.0;1.0;25.84
facebook;atr_leads | promo - creta [CBO] 2;LAL  Volvo + Interesses Hyundai;2024-07-09;205.0;1.0;1.0;5.83
facebook;atr_leads | promo - creta [CBO] 2;RMKT;2024-07-09;2194.0;16.0;4.0;43.94
facebook;atr_leads | promo - hb20 (CBO) 2;LAL Compradores 1%;2024-07-09;3868.0;14.0;2.0;63.6
facebook;atr_leads | promo - hb20 (CBO) 2;RMKT;2024-07-09;772.0;2.0;0.0;10.63
facebook;atr_leads | Genérica [CBO];LAL 1% COMPRADORES;2024-07-08;3654.0;35.0;7.0;78.19
facebook;atr_leads | avalie o seu usado [CBO] 2;LAL 1% COMPRADORES — AJUSTADO;2024-07-08;4104.0;18.0;0.0;78.21
facebook;atr_leads | promo - creta [CBO] 2;Int. Auto + Pais +30 AB;2024-07-08;13.0;0.0;0.0;0.08
facebook;atr_leads | promo - creta [CBO] 2;RMKT;2024-07-08;2594.0;5.0;1.0;63.39
facebook;atr_leads | promo - hb20 (CBO) 2;LAL Compradores 1%;2024-07-08;2370.0;11.0;3.0;41.6
facebook;atr_leads | promo - hb20 (CBO) 2;RMKT;2024-07-08;853.0;1.0;0.0;20.92
facebook;atr_leads | Genérica [CBO];LAL 1% COMPRADORES;2024-07-07;4942.0;37.0;7.0;132.13
facebook;atr_leads | avalie o seu usado [CBO] 2;LAL 1% COMPRADORES — AJUSTADO;2024-07-07;9114.0;52.0;9.0;169.44
facebook;atr_leads | Genérica [CBO];LAL 1% COMPRADORES;2024-07-06;3624.0;23.0;8.0;111.08
facebook;atr_leads | avalie o seu usado [CBO] 2;LAL 1% COMPRADORES — AJUSTADO;2024-07-06;7224.0;54.0;5.0;150.12
facebook;atr_leads | Genérica [CBO];LAL 1% COMPRADORES;2024-07-05;4163.0;36.0;5.0;117.74
facebook;atr_leads | avalie o seu usado [CBO] 2;LAL 1% COMPRADORES — AJUSTADO;2024-07-05;7989.0;42.0;7.0;156.44
facebook;atr_leads | Genérica [CBO];LAL 1% COMPRADORES;2024-07-04;4427.0;42.0;10.0;124.88
facebook;atr_leads | avalie o seu usado [CBO] 2;LAL 1% COMPRADORES — AJUSTADO;2024-07-04;9452.0;61.0;10.0;158.95
facebook;atr_leads | Genérica [CBO];LAL 1% COMPRADORES;2024-07-03;4389.0;23.0;6.0;126.41
facebook;atr_leads | avalie o seu usado [CBO] 2;LAL 1% COMPRADORES — AJUSTADO;2024-07-03;9684.0;67.0;11.0;160.69
facebook;atr_leads | Genérica [CBO];LAL 1% COMPRADORES;2024-07-02;4385.0;39.0;8.0;125.25
facebook;atr_leads | avalie o seu usado [CBO] 2;LAL 1% COMPRADORES — AJUSTADO;2024-07-02;9928.0;65.0;15.0;163.05
facebook;atr_leads | Genérica [CBO];LAL 1% COMPRADORES;2024-07-01;3588.0;25.0;7.0;93.62
facebook;atr_leads | avalie o seu usado [CBO] 2;LAL 1% COMPRADORES — AJUSTADO;2024-07-01;7322.0;40.0;11.0;107.19
facebook;atr_leads | Genérica [CBO];LAL 1% COMPRADORES;2024-08-31;1622.0;19.0;3.0;34.25
facebook;atr_leads | Genérica [CBO];RMKT;2024-08-31;525.0;2.0;0.0;11.75
facebook;atr_leads | promo - hb20 (CBO) 2;LAL Compradores 1%;2024-08-31;1833.0;9.0;0.0;24.18
facebook;atr_leads | promo - hb20 (CBO) 2;LAL Compradores 1% — Jaraguá do Sul + 17km;2024-08-31;1688.0;9.0;2.0;29.57
facebook;atr_leads | promo - hb20 (CBO) 2;RMKT;2024-08-31;1778.0;8.0;0.0;25.99
facebook;atr_leads | Genérica [CBO];LAL 1% COMPRADORES;2024-08-30;501.0;2.0;1.0;13.36
facebook;atr_leads | Genérica [CBO];RMKT;2024-08-30;127.0;3.0;0.0;2.7
facebook;atr_leads | Promo HR [CBO];VUC;2024-08-30;1428.0;5.0;0.0;20.65
facebook;atr_leads | promo - creta [CBO] 2;LAL  Volvo + Interesses Hyundai;2024-08-30;1162.0;10.0;1.0;21.44
facebook;atr_leads | promo - creta [CBO] 2;LAL  Volvo + Interesses Hyundai — Jaraguá do Sul + 17km;2024-08-30;673.0;5.0;1.0;14.58
facebook;atr_leads | promo - creta [CBO] 2;RMKT;2024-08-30;566.0;4.0;2.0;14.78
facebook;atr_leads | promo - hb20 (CBO) 2;LAL Compradores 1%;2024-08-30;1181.0;12.0;0.0;19.95
facebook;atr_leads | promo - hb20 (CBO) 2;LAL Compradores 1% — Jaraguá do Sul + 17km;2024-08-30;785.0;5.0;1.0;18.65
facebook;atr_leads | promo - hb20 (CBO) 2;RMKT;2024-08-30;1242.0;9.0;6.0;30.32
facebook;atr_leads | Promo HR [CBO];VUC;2024-08-29;1923.0;6.0;1.0;31.83
facebook;atr_leads | promo - creta [CBO] 2;LAL  Volvo + Interesses Hyundai;2024-08-29;1851.0;21.0;5.0;36.09
facebook;atr_leads | promo - creta [CBO] 2;LAL  Volvo + Interesses Hyundai — Jaraguá do Sul + 17km;2024-08-29;806.0;8.0;5.0;20.17
facebook;atr_leads | promo - creta [CBO] 2;RMKT;2024-08-29;590.0;8.0;3.0;19.54
facebook;atr_leads | promo - hb20 (CBO) 2;LAL Compradores 1%;2024-08-29;827.0;3.0;1.0;20.22
facebook;atr_leads | promo - hb20 (CBO) 2;LAL Compradores 1% — Jaraguá do Sul + 17km;2024-08-29;798.0;11.0;4.0;19.52
facebook;atr_leads | promo - hb20 (CBO) 2;RMKT;2024-08-29;1268.0;11.0;5.0;37.21
facebook;atr_leads | Promo HR [CBO];VUC;2024-08-28;2149.0;8.0;0.0;36.5
facebook;atr_leads | promo - creta [CBO] 2;LAL  Volvo + Interesses Hyundai;2024-08-28;2032.0;21.0;6.0;45.82
facebook;atr_leads | promo - creta [CBO] 2;LAL  Volvo + Interesses Hyundai — Jaraguá do Sul + 17km;2024-08-28;603.0;4.0;3.0;14.61
facebook;atr_leads | promo - creta [CBO] 2;RMKT;2024-08-28;667.0;7.0;3.0;19.33
facebook;atr_leads | promo - hb20 (CBO) 2;LAL Compradores 1%;2024-08-28;1182.0;10.0;3.0;35.84
facebook;atr_leads | promo - hb20 (CBO) 2;LAL Compradores 1% — Jaraguá do Sul + 17km;2024-08-28;917.0;3.0;0.0;20.28
facebook;atr_leads | promo - hb20 (CBO) 2;RMKT;2024-08-28;833.0;12.0;5.0;26.26
facebook;atr_leads | Promo HR [CBO];VUC;2024-08-27;2073.0;6.0;2.0;35.63
facebook;atr_leads | promo - creta [CBO] 2;LAL  Volvo + Interesses Hyundai;2024-08-27;1618.0;23.0;7.0;39.48
facebook;atr_leads | promo - creta [CBO] 2;LAL  Volvo + Interesses Hyundai — Jaraguá do Sul + 17km;2024-08-27;808.0;15.0;9.0;18.78
facebook;atr_leads | promo - creta [CBO] 2;RMKT;2024-08-27;700.0;9.0;2.0;22.01
facebook;atr_leads | promo - hb20 (CBO) 2;LAL Compradores 1%;2024-08-27;979.0;8.0;3.0;27.52
facebook;atr_leads | promo - hb20 (CBO) 2;LAL Compradores 1% — Jaraguá do Sul + 17km;2024-08-27;992.0;6.0;2.0;26.22
facebook;atr_leads | promo - hb20 (CBO) 2;RMKT;2024-08-27;981.0;12.0;4.0;26.54
facebook;atr_leads | Genérica [CBO];LAL 1% COMPRADORES;2024-08-26;316.0;3.0;1.0;10.14
facebook;atr_leads | Genérica [CBO];RMKT;2024-08-26;356.0;7.0;2.0;9.91
facebook;atr_leads | Promo HR [CBO];VUC;2024-08-26;3407.0;11.0;0.0;38.89
facebook;atr_leads | promo - creta [CBO] 2;LAL  Volvo + Interesses Hyundai;2024-08-26;2374.0;24.0;11.0;56.09
facebook;atr_leads | promo - creta [CBO] 2;LAL  Volvo + Interesses Hyundai — Jaraguá do Sul + 17km;2024-08-26;952.0;10.0;1.0;21.9
facebook;atr_leads | promo - creta [CBO] 2;RMKT;2024-08-26;783.0;6.0;1.0;23.37
facebook;atr_leads | promo - hb20 (CBO) 2;LAL Compradores 1%;2024-08-26;1194.0;13.0;8.0;33.42
facebook;atr_leads | promo - hb20 (CBO) 2;LAL Compradores 1% — Jaraguá do Sul + 17km;2024-08-26;1290.0;10.0;2.0;32.35
facebook;atr_leads | promo - hb20 (CBO) 2;RMKT;2024-08-26;1760.0;13.0;3.0;32.91
facebook;atr_leads | Genérica [CBO];LAL 1% COMPRADORES;2024-08-25;614.0;3.0;1.0;21.11
facebook;atr_leads | Genérica [CBO];RMKT;2024-08-25;557.0;7.0;1.0;16.29
facebook;atr_leads | Promo HR [CBO];VUC;2024-08-25;6867.0;17.0;1.0;47.06
facebook;atr_leads | promo - creta [CBO] 2;LAL  Volvo + Interesses Hyundai;2024-08-25;3313.0;26.0;7.0;70.9
facebook;atr_leads | promo - creta [CBO] 2;LAL  Volvo + Interesses Hyundai — Jaraguá do Sul + 17km;2024-08-25;1079.0;6.0;1.0;20.39
facebook;atr_leads | promo - creta [CBO] 2;RMKT;2024-08-25;844.0;6.0;2.0;24.19
facebook;atr_leads | promo - hb20 (CBO) 2;LAL Compradores 1%;2024-08-25;1609.0;15.0;4.0;34.07
facebook;atr_leads | promo - hb20 (CBO) 2;LAL Compradores 1% — Jaraguá do Sul + 17km;2024-08-25;1667.0;14.0;4.0;35.63
facebook;atr_leads | promo - hb20 (CBO) 2;RMKT;2024-08-25;3102.0;16.0;2.0;43.45
facebook;atr_leads | Genérica [CBO];LAL 1% COMPRADORES;2024-08-24;474.0;6.0;1.0;12.89
facebook;atr_leads | Genérica [CBO];RMKT;2024-08-24;534.0;10.0;3.0;16.71
facebook;atr_leads | Promo HR [CBO];VUC;2024-08-24;4331.0;21.0;1.0;40.48
facebook;atr_leads | promo - creta [CBO] 2;LAL  Volvo + Interesses Hyundai;2024-08-24;3542.0;30.0;8.0;70.84
facebook;atr_leads | promo - creta [CBO] 2;LAL  Volvo + Interesses Hyundai — Jaraguá do Sul + 17km;2024-08-24;916.0;11.0;6.0;20.41
facebook;atr_leads | promo - creta [CBO] 2;RMKT;2024-08-24;921.0;9.0;1.0;20.95
facebook;atr_leads | promo - hb20 (CBO) 2;LAL Compradores 1%;2024-08-24;4350.0;38.0;10.0;97.58
facebook;atr_leads | promo - hb20 (CBO) 2;LAL Compradores 1% — Jaraguá do Sul + 17km;2024-08-24;2282.0;29.0;7.0;52.32
facebook;atr_leads | promo - hb20 (CBO) 2;RMKT;2024-08-24;1718.0;11.0;4.0;39.96
facebook;atr_leads | Genérica [CBO];LAL 1% COMPRADORES;2024-08-23;537.0;6.0;1.0;16.68
facebook;atr_leads | Genérica [CBO];RMKT;2024-08-23;608.0;7.0;2.0;16.46
facebook;atr_leads | Promo HR [CBO];VUC;2024-08-23;4001.0;10.0;1.0;44.46
facebook;atr_leads | promo - creta [CBO] 2;LAL  Volvo + Interesses Hyundai;2024-08-23;4208.0;23.0;6.0;66.6
facebook;atr_leads | promo - creta [CBO] 2;LAL  Volvo + Interesses Hyundai — Jaraguá do Sul + 17km;2024-08-23;1173.0;9.0;0.0;20.75
facebook;atr_leads | promo - creta [CBO] 2;RMKT;2024-08-23;996.0;3.0;1.0;21.13
facebook;atr_leads | Genérica [CBO];LAL 1% COMPRADORES;2024-08-22;758.0;9.0;3.0;21.91
facebook;atr_leads | Genérica [CBO];RMKT;2024-08-22;428.0;5.0;2.0;12.23
facebook;atr_leads | Promo HR [CBO];VUC;2024-08-22;4582.0;14.0;0.0;44.04
facebook;atr_leads | promo - creta [CBO] 2;LAL  Volvo + Interesses Hyundai;2024-08-22;2370.0;18.0;6.0;38.73
facebook;atr_leads | promo - creta [CBO] 2;LAL  Volvo + Interesses Hyundai — Jaraguá do Sul + 17km;2024-08-22;1071.0;3.0;0.0;19.39
facebook;atr_leads | promo - creta [CBO] 2;RMKT;2024-08-22;1412.0;11.0;3.0;32.45
facebook;atr_leads | promo - hb20 (CBO) 2;LAL Compradores 1%;2024-08-22;970.0;12.0;4.0;23.85
facebook;atr_leads | promo - hb20 (CBO) 2;LAL Compradores 1% — Jaraguá do Sul + 17km;2024-08-22;1119.0;13.0;3.0;23.22
facebook;atr_leads | promo - hb20 (CBO) 2;RMKT;2024-08-22;1294.0;11.0;2.0;29.22
facebook;atr_leads | Genérica [CBO];LAL 1% COMPRADORES;2024-08-21;527.0;4.0;1.0;18.47
facebook;atr_leads | Genérica [CBO];RMKT;2024-08-21;445.0;7.0;2.0;16.48
facebook;atr_leads | Promo HR [CBO];VUC;2024-08-21;5622.0;16.0;2.0;44.83
facebook;atr_leads | promo - creta [CBO] 2;LAL  Volvo + Interesses Hyundai;2024-08-21;2855.0;22.0;7.0;55.52
facebook;atr_leads | promo - creta [CBO] 2;LAL  Volvo + Interesses Hyundai — Jaraguá do Sul + 17km;2024-08-21;1146.0;8.0;3.0;20.37
facebook;atr_leads | promo - creta [CBO] 2;RMKT;2024-08-21;1564.0;16.0;7.0;33.76
facebook;atr_leads | promo - hb20 (CBO) 2;LAL Compradores 1%;2024-08-21;1530.0;20.0;6.0;31.32
facebook;atr_leads | promo - hb20 (CBO) 2;LAL Compradores 1% — Jaraguá do Sul + 17km;2024-08-21;1564.0;14.0;5.0;32.01
facebook;atr_leads | promo - hb20 (CBO) 2;RMKT;2024-08-21;2043.0;13.0;5.0;45.38
facebook;atr_leads | Genérica [CBO];LAL 1% COMPRADORES;2024-08-20;622.0;3.0;2.0;22.02
facebook;atr_leads | Genérica [CBO];RMKT;2024-08-20;459.0;9.0;1.0;15.42
facebook;atr_leads | Promo HR [CBO];VUC;2024-08-20;4843.0;17.0;2.0;46.3
facebook;atr_leads | promo - creta [CBO] 2;LAL  Volvo + Interesses Hyundai;2024-08-20;3145.0;40.0;11.0;64.86
facebook;atr_leads | promo - creta [CBO] 2;LAL  Volvo + Interesses Hyundai — Jaraguá do Sul + 17km;2024-08-20;1115.0;13.0;3.0;20.82
facebook;atr_leads | promo - creta [CBO] 2;RMKT;2024-08-20;1341.0;10.0;7.0;31.68
facebook;atr_leads | promo - hb20 (CBO) 2;LAL Compradores 1%;2024-08-20;1460.0;19.0;3.0;31.55
facebook;atr_leads | promo - hb20 (CBO) 2;LAL Compradores 1% — Jaraguá do Sul + 17km;2024-08-20;1520.0;18.0;4.0;32.38
facebook;atr_leads | promo - hb20 (CBO) 2;RMKT;2024-08-20;2101.0;17.0;4.0;47.35
facebook;atr_leads | Genérica [CBO];LAL 1% COMPRADORES;2024-08-19;907.0;8.0;0.0;23.81
facebook;atr_leads | Genérica [CBO];RMKT;2024-08-19;575.0;5.0;1.0;14.85
facebook;atr_leads | Promo HR [CBO];VUC;2024-08-19;3334.0;12.0;1.0;47.21
facebook;atr_leads | promo - creta [CBO] 2;LAL  Volvo + Interesses Hyundai;2024-08-19;3870.0;40.0;13.0;67.29
facebook;atr_leads | promo - creta [CBO] 2;LAL  Volvo + Interesses Hyundai — Jaraguá do Sul + 17km;2024-08-19;1174.0;11.0;5.0;18.12
facebook;atr_leads | promo - creta [CBO] 2;RMKT;2024-08-19;1658.0;17.0;9.0;30.37
facebook;atr_leads | promo - hb20 (CBO) 2;LAL Compradores 1%;2024-08-19;1536.0;11.0;2.0;27.14
facebook;atr_leads | promo - hb20 (CBO) 2;LAL Compradores 1% — Jaraguá do Sul + 17km;2024-08-19;1942.0;14.0;2.0;28.22
facebook;atr_leads | promo - hb20 (CBO) 2;RMKT;2024-08-19;3013.0;26.0;8.0;60.6
facebook;atr_leads | Genérica [CBO];LAL 1% COMPRADORES;2024-08-18;636.0;11.0;1.0;18.84
facebook;atr_leads | Genérica [CBO];RMKT;2024-08-18;692.0;7.0;2.0;18.0
facebook;atr_leads | Promo HR [CBO];VUC;2024-08-18;2348.0;6.0;1.0;47.53
facebook;atr_leads | promo - creta [CBO] 2;LAL  Volvo + Interesses Hyundai;2024-08-18;2944.0;24.0;9.0;59.65
facebook;atr_leads | promo - creta [CBO] 2;LAL  Volvo + Interesses Hyundai — Jaraguá do Sul + 17km;2024-08-18;1115.0;14.0;1.0;19.92
facebook;atr_leads | promo - creta [CBO] 2;RMKT;2024-08-18;1814.0;9.0;2.0;36.39
facebook;atr_leads | promo - hb20 (CBO) 2;LAL Compradores 1%;2024-08-18;1725.0;17.0;3.0;30.57
facebook;atr_leads | promo - hb20 (CBO) 2;LAL Compradores 1% — Jaraguá do Sul + 17km;2024-08-18;2024.0;24.0;6.0;31.19
facebook;atr_leads | promo - hb20 (CBO) 2;RMKT;2024-08-18;2456.0;23.0;7.0;55.35
facebook;atr_leads | Genérica [CBO];LAL 1% COMPRADORES;2024-08-17;603.0;6.0;1.0;14.79
facebook;atr_leads | Genérica [CBO];RMKT;2024-08-17;580.0;7.0;1.0;14.7
facebook;atr_leads | Promo HR [CBO];VUC;2024-08-17;1924.0;4.0;0.0;44.09
facebook;atr_leads | promo - creta [CBO] 2;LAL  Volvo + Interesses Hyundai;2024-08-17;2175.0;30.0;8.0;46.95
facebook;atr_leads | promo - creta [CBO] 2;LAL  Volvo + Interesses Hyundai — Jaraguá do Sul + 17km;2024-08-17;1186.0;7.0;5.0;20.64
facebook;atr_leads | promo - creta [CBO] 2;RMKT;2024-08-17;1881.0;18.0;7.0;40.03
facebook;atr_leads | promo - hb20 (CBO) 2;LAL Compradores 1%;2024-08-17;1456.0;18.0;7.0;30.88
facebook;atr_leads | promo - hb20 (CBO) 2;LAL Compradores 1% — Jaraguá do Sul + 17km;2024-08-17;1894.0;11.0;3.0;30.6
facebook;atr_leads | promo - hb20 (CBO) 2;RMKT;2024-08-17;2137.0;14.0;7.0;45.96
facebook;atr_leads | Genérica [CBO];LAL 1% COMPRADORES;2024-08-16;599.0;5.0;1.0;16.95
facebook;atr_leads | Genérica [CBO];RMKT;2024-08-16;524.0;5.0;1.0;18.26
facebook;atr_leads | Promo HR [CBO];VUC;2024-08-16;2237.0;3.0;0.0;45.85
facebook;atr_leads | promo - creta [CBO] 2;LAL  Volvo + Interesses Hyundai;2024-08-16;2142.0;20.0;9.0;50.2
facebook;atr_leads | promo - creta [CBO] 2;LAL  Volvo + Interesses Hyundai — Jaraguá do Sul + 17km;2024-08-16;981.0;8.0;2.0;21.85
facebook;atr_leads | promo - creta [CBO] 2;RMKT;2024-08-16;1529.0;9.0;3.0;40.38
facebook;atr_leads | promo - hb20 (CBO) 2;LAL Compradores 1%;2024-08-16;1203.0;11.0;4.0;31.98
facebook;atr_leads | promo - hb20 (CBO) 2;LAL Compradores 1% — Jaraguá do Sul + 17km;2024-08-16;1408.0;17.0;7.0;30.65
facebook;atr_leads | promo - hb20 (CBO) 2;RMKT;2024-08-16;1890.0;15.0;8.0;49.66
facebook;atr_leads | Genérica [CBO];LAL 1% COMPRADORES;2024-08-15;718.0;7.0;1.0;18.57
facebook;atr_leads | Genérica [CBO];RMKT;2024-08-15;660.0;8.0;1.0;17.26
facebook;atr_leads | promo - creta [CBO] 2;LAL  Volvo + Interesses Hyundai;2024-08-15;2798.0;23.0;8.0;69.78
facebook;atr_leads | promo - creta [CBO] 2;LAL  Volvo + Interesses Hyundai — Jaraguá do Sul + 17km;2024-08-15;804.0;1.0;2.0;20.15
facebook;atr_leads | promo - creta [CBO] 2;RMKT;2024-08-15;1448.0;15.0;6.0;40.01
facebook;atr_leads | promo - hb20 (CBO) 2;LAL Compradores 1%;2024-08-15;1268.0;11.0;3.0;31.34
facebook;atr_leads | promo - hb20 (CBO) 2;LAL Compradores 1% — Jaraguá do Sul + 17km;2024-08-15;1690.0;15.0;3.0;31.85
facebook;atr_leads | promo - hb20 (CBO) 2;RMKT;2024-08-15;2579.0;23.0;9.0;67.1
facebook;atr_leads | Genérica [CBO];LAL 1% COMPRADORES;2024-08-14;536.0;6.0;2.0;15.54
facebook;atr_leads | Genérica [CBO];RMKT;2024-08-14;524.0;2.0;1.0;19.13
facebook;atr_leads | promo - creta [CBO] 2;LAL  Volvo + Interesses Hyundai;2024-08-14;2413.0;22.0;6.0;59.48
facebook;atr_leads | promo - creta [CBO] 2;LAL  Volvo + Interesses Hyundai — Jaraguá do Sul + 17km;2024-08-14;779.0;1.0;0.0;21.87
facebook;atr_leads | promo - creta [CBO] 2;RMKT;2024-08-14;1554.0;17.0;5.0;49.54
facebook;atr_leads | promo - hb20 (CBO) 2;LAL Compradores 1%;2024-08-14;1297.0;19.0;5.0;31.38
facebook;atr_leads | promo - hb20 (CBO) 2;LAL Compradores 1% — Jaraguá do Sul + 17km;2024-08-14;1387.0;11.0;1.0;33.74
facebook;atr_leads | promo - hb20 (CBO) 2;RMKT;2024-08-14;2638.0;20.0;9.0;67.92
facebook;atr_leads | Genérica [CBO];LAL 1% COMPRADORES;2024-08-13;506.0;4.0;0.0;18.47
facebook;atr_leads | Genérica [CBO];RMKT;2024-08-13;500.0;4.0;1.0;18.26
facebook;atr_leads | promo - creta [CBO] 2;LAL  Volvo + Interesses Hyundai;2024-08-13;2310.0;28.0;11.0;75.48
facebook;atr_leads | promo - creta [CBO] 2;LAL  Volvo + Interesses Hyundai — Jaraguá do Sul + 17km;2024-08-13;879.0;6.0;2.0;21.33
facebook;atr_leads | promo - creta [CBO] 2;RMKT;2024-08-13;1189.0;16.0;5.0;39.87
facebook;atr_leads | promo - hb20 (CBO) 2;LAL Compradores 1%;2024-08-13;1218.0;11.0;4.0;34.8
facebook;atr_leads | promo - hb20 (CBO) 2;LAL Compradores 1% — Jaraguá do Sul + 17km;2024-08-13;1424.0;25.0;4.0;33.94
facebook;atr_leads | promo - hb20 (CBO) 2;RMKT;2024-08-13;2585.0;24.0;9.0;68.78
facebook;atr_leads | Genérica [CBO];LAL 1% COMPRADORES;2024-08-12;1184.0;12.0;4.0;38.22
facebook;atr_leads | Genérica [CBO];RMKT;2024-08-12;990.0;11.0;2.0;29.87
facebook;atr_leads | promo - creta [CBO] 2;LAL  Volvo + Interesses Hyundai;2024-08-12;2762.0;24.0;6.0;44.32
facebook;atr_leads | promo - creta [CBO] 2;LAL  Volvo + Interesses Hyundai — Jaraguá do Sul + 17km;2024-08-12;2101.0;16.0;7.0;52.19
facebook;atr_leads | promo - creta [CBO] 2;RMKT;2024-08-12;1312.0;13.0;1.0;29.25
facebook;atr_leads | promo - hb20 (CBO) 2;LAL Compradores 1%;2024-08-12;1116.0;16.0;5.0;28.47
facebook;atr_leads | promo - hb20 (CBO) 2;LAL Compradores 1% — Jaraguá do Sul + 17km;2024-08-12;1634.0;19.0;1.0;31.08
facebook;atr_leads | promo - hb20 (CBO) 2;RMKT;2024-08-12;2328.0;26.0;12.0;66.25
facebook;atr_leads | Genérica [CBO];LAL 1% COMPRADORES;2024-08-11;1642.0;9.0;3.0;49.2
facebook;atr_leads | Genérica [CBO];RMKT;2024-08-11;1158.0;5.0;1.0;26.23
facebook;atr_leads | promo - creta [CBO] 2;LAL  Volvo + Interesses Hyundai;2024-08-11;2654.0;14.0;2.0;31.58
facebook;atr_leads | promo - creta [CBO] 2;LAL  Volvo + Interesses Hyundai — Jaraguá do Sul + 17km;2024-08-11;2999.0;18.0;4.0;68.64
facebook;atr_leads | promo - creta [CBO] 2;RMKT;2024-08-11;1215.0;10.0;0.0;20.02
facebook;atr_leads | promo - hb20 (CBO) 2;LAL Compradores 1%;2024-08-11;1433.0;19.0;5.0;31.56
facebook;atr_leads | promo - hb20 (CBO) 2;LAL Compradores 1% — Jaraguá do Sul + 17km;2024-08-11;1901.0;21.0;5.0;33.85
facebook;atr_leads | promo - hb20 (CBO) 2;RMKT;2024-08-11;2053.0;11.0;2.0;59.5
facebook;atr_leads | Genérica [CBO];LAL 1% COMPRADORES;2024-08-10;1461.0;14.0;1.0;40.72
facebook;atr_leads | Genérica [CBO];RMKT;2024-08-10;1267.0;15.0;2.0;26.84
facebook;atr_leads | promo - creta [CBO] 2;LAL  Volvo + Interesses Hyundai;2024-08-10;1100.0;6.0;1.0;21.37
facebook;atr_leads | promo - creta [CBO] 2;LAL  Volvo + Interesses Hyundai — Jaraguá do Sul + 17km;2024-08-10;514.0;6.0;4.0;21.5
facebook;atr_leads | promo - creta [CBO] 2;RMKT;2024-08-10;2537.0;24.0;8.0;66.86
facebook;atr_leads | promo - hb20 (CBO) 2;LAL Compradores 1%;2024-08-10;984.0;9.0;0.0;32.64
facebook;atr_leads | promo - hb20 (CBO) 2;LAL Compradores 1% — Jaraguá do Sul + 17km;2024-08-10;1412.0;17.0;2.0;34.54
facebook;atr_leads | promo - hb20 (CBO) 2;RMKT;2024-08-10;1526.0;25.0;9.0;50.83
facebook;atr_leads | Genérica [CBO];LAL 1% COMPRADORES;2024-08-09;1947.0;9.0;3.0;45.37
facebook;atr_leads | Genérica [CBO];RMKT;2024-08-09;1173.0;10.0;0.0;23.04
facebook;atr_leads | promo - creta [CBO] 2;Int. Auto + Pais +30 AB;2024-08-09;464.0;5.0;1.0;13.32
facebook;atr_leads | promo - creta [CBO] 2;LAL  Volvo + Interesses Hyundai;2024-08-09;786.0;10.0;3.0;20.63
facebook;atr_leads | promo - creta [CBO] 2;LAL  Volvo + Interesses Hyundai — Jaraguá do Sul + 17km;2024-08-09;425.0;5.0;2.0;21.25
facebook;atr_leads | promo - creta [CBO] 2;RMKT;2024-08-09;2504.0;40.0;12.0;68.09
facebook;atr_leads | promo - hb20 (CBO) 2;LAL Compradores 1%;2024-08-09;1195.0;6.0;1.0;31.84
facebook;atr_leads | promo - hb20 (CBO) 2;LAL Compradores 1% — Jaraguá do Sul + 17km;2024-08-09;1425.0;15.0;5.0;37.6
facebook;atr_leads | promo - hb20 (CBO) 2;RMKT;2024-08-09;1263.0;21.0;6.0;45.37
facebook;atr_leads | Genérica [CBO];LAL 1% COMPRADORES;2024-08-08;4436.0;36.0;7.0;98.2
facebook;atr_leads | Genérica [CBO];RMKT;2024-08-08;1635.0;17.0;6.0;35.89
facebook;atr_leads | avalie o seu usado [CBO] 2;LAL 1% COMPRADORES — AJUSTADO;2024-08-08;5398.0;35.0;2.0;123.64
facebook;atr_leads | promo - creta [CBO] 2;Int. Auto + Pais +30 AB;2024-08-08;250.0;0.0;0.0;5.43
facebook;atr_leads | promo - creta [CBO] 2;LAL  Volvo + Interesses Hyundai;2024-08-08;94.0;0.0;0.0;2.07
facebook;atr_leads | promo - creta [CBO] 2;LAL  Volvo + Interesses Hyundai — Jaraguá do Sul + 17km;2024-08-08;53.0;1.0;0.0;1.46
facebook;atr_leads | promo - creta [CBO] 2;RMKT;2024-08-08;187.0;0.0;0.0;5.51
facebook;atr_leads | promo - hb20 (CBO) 2;LAL Compradores 1%;2024-08-08;172.0;1.0;0.0;4.01
facebook;atr_leads | promo - hb20 (CBO) 2;LAL Compradores 1% — Jaraguá do Sul + 17km;2024-08-08;196.0;1.0;1.0;4.2
facebook;atr_leads | promo - hb20 (CBO) 2;RMKT;2024-08-08;153.0;0.0;0.0;5.11
facebook;atr_leads | Genérica [CBO];LAL 1% COMPRADORES;2024-08-07;5864.0;40.0;4.0;132.48
facebook;atr_leads | Genérica [CBO];RMKT;2024-08-07;630.0;5.0;2.0;15.45
facebook;atr_leads | avalie o seu usado [CBO] 2;LAL 1% COMPRADORES — AJUSTADO;2024-08-07;6530.0;34.0;5.0;153.6
facebook;atr_leads | Genérica [CBO];LAL 1% COMPRADORES;2024-08-06;6258.0;49.0;3.0;157.31
facebook;atr_leads | Genérica [CBO];RMKT;2024-08-06;34.0;0.0;0.0;1.17
facebook;atr_leads | avalie o seu usado [CBO] 2;LAL 1% COMPRADORES — AJUSTADO;2024-08-06;7587.0;29.0;4.0;148.66
facebook;atr_leads | Genérica [CBO];LAL 1% COMPRADORES;2024-08-05;6299.0;52.0;4.0;158.06
facebook;atr_leads | avalie o seu usado [CBO] 2;LAL 1% COMPRADORES — AJUSTADO;2024-08-05;8873.0;49.0;8.0;158.13
facebook;atr_leads | promo - hb20 (CBO) 2;LAL Compradores 1%;2024-08-05;0.0;0.0;1.0;0.0
facebook;atr_leads | Genérica [CBO];LAL 1% COMPRADORES;2024-08-04;7149.0;46.0;3.0;159.77
facebook;atr_leads | avalie o seu usado [CBO] 2;LAL 1% COMPRADORES — AJUSTADO;2024-08-04;8698.0;47.0;4.0;157.86
facebook;atr_leads | Genérica [CBO];LAL 1% COMPRADORES;2024-08-03;6037.0;57.0;7.0;144.83
facebook;atr_leads | avalie o seu usado [CBO] 2;LAL 1% COMPRADORES — AJUSTADO;2024-08-03;8187.0;33.0;7.0;147.25
facebook;atr_leads | promo - hb20 (CBO) 2;LAL Compradores 1%;2024-08-03;0.0;0.0;1.0;0.0
facebook;atr_leads | Genérica [CBO];LAL 1% COMPRADORES;2024-08-02;7223.0;52.0;7.0;139.25
facebook;atr_leads | avalie o seu usado [CBO] 2;LAL 1% COMPRADORES — AJUSTADO;2024-08-02;8602.0;46.0;5.0;139.06
facebook;atr_leads | Genérica [CBO];LAL 1% COMPRADORES;2024-08-01;7693.0;63.0;12.0;147.27
facebook;atr_leads | avalie o seu usado [CBO] 2;LAL 1% COMPRADORES — AJUSTADO;2024-08-01;10719.0;34.0;8.0;145.08
facebook;atr_leads | promo - creta [CBO] 2;RMKT;2024-08-01;0.0;0.0;1.0;0.0
google;atr_search | Blumenau;HB20;2024-06-01;18.0;8.0;0.0;12.4
google;atr_search | Jaraguá do Sul;HB20;2024-06-01;1.0;0.0;0.0;0.0
google;atr_search | marca;HB20;2024-06-01;247.0;22.0;0.0;24.96
google;atr_search | Blumenau;Loja;2024-06-02;14.0;5.0;0.0;9.91
google;atr_search | Jaraguá do Sul;Loja;2024-06-02;5.0;1.0;0.0;0.45
google;atr_search | marca;Loja;2024-06-02;224.0;26.0;0.0;31.42
google;atr_search | Blumenau;HB20;2024-06-03;34.0;7.0;0.0;10.18
google;atr_search | Jaraguá do Sul;HB20;2024-06-03;10.0;1.0;0.0;0.62
google;atr_search | marca;HB20;2024-06-03;178.0;15.0;0.0;15.62
google;atr_search | Blumenau;Creta;2024-06-04;6.0;3.0;0.0;3.52
google;atr_search | marca;Creta;2024-06-04;37.0;5.0;0.0;6.1
google;atr_search | Blumenau;Creta;2024-06-05;36.0;5.0;0.0;6.83
google;atr_search | Jaraguá do Sul;Creta;2024-06-05;6.0;0.0;0.0;0.0
google;atr_search | Joinville;Creta;2024-06-05;1.0;0.0;0.0;0.0
google;atr_search | marca;Creta;2024-06-05;233.0;21.0;1.0;35.45
google;atr_search | Blumenau;Loja;2024-06-06;26.0;3.0;0.0;3.31
google;atr_search | Jaraguá do Sul;Loja;2024-06-06;4.0;0.0;0.0;0.0
google;atr_search | Joinville;Loja;2024-06-06;46.0;10.0;1.0;20.8
google;atr_search | marca;Loja;2024-06-06;225.0;23.0;1.0;25.22
google;atr_search | Blumenau;HB20;2024-06-07;40.0;6.0;1.0;8.06
google;atr_search | Jaraguá do Sul;HB20;2024-06-07;10.0;1.0;0.0;0.5
google;atr_search | Joinville;HB20;2024-06-07;42.0;7.0;0.0;9.44
google;atr_search | marca;HB20;2024-06-07;253.0;24.0;1.0;26.65
google;atr_search | Blumenau;HB20;2024-06-08;33.0;2.0;0.0;4.02
google;atr_search | Jaraguá do Sul;HB20;2024-06-08;10.0;2.0;0.0;3.5
google;atr_search | Joinville;HB20;2024-06-08;26.0;2.0;0.0;2.07
google;atr_search | marca;HB20;2024-06-08;232.0;20.0;3.0;24.86
google;atr_search | Blumenau;Loja;2024-06-09;19.0;2.0;0.0;2.69
google;atr_search | Jaraguá do Sul;Loja;2024-06-09;9.0;2.0;0.0;2.24
google;atr_search | Joinville;Loja;2024-06-09;17.0;4.0;1.0;5.81
google;atr_search | marca;Loja;2024-06-09;259.0;28.0;1.0;40.58
google;atr_search | Blumenau;HB20;2024-06-10;68.0;12.0;0.0;15.29
google;atr_search | Jaraguá do Sul;HB20;2024-06-10;11.0;4.0;1.0;4.52
google;atr_search | Joinville;HB20;2024-06-10;68.0;10.0;1.0;12.19
google;atr_search | marca;HB20;2024-06-10;348.0;41.0;1.0;48.57
google;atr_search | Blumenau;Creta;2024-06-11;41.0;4.0;0.0;4.67
google;atr_search | Jaraguá do Sul;Creta;2024-06-11;14.0;4.0;1.0;5.56
google;atr_search | Joinville;Creta;2024-06-11;29.0;9.0;1.0;13.02
google;atr_search | marca;Creta;2024-06-11;124.0;14.0;3.0;29.41
google;atr_search | Blumenau;Creta;2024-06-12;59.0;4.0;0.0;13.38
google;atr_search | Jaraguá do Sul;Creta;2024-06-12;27.0;10.0;1.0;14.67
google;atr_search | Joinville;Creta;2024-06-12;53.0;8.0;0.0;10.51
google;atr_search | marca;Creta;2024-06-12;119.0;23.0;2.0;61.23
google;atr_search | Blumenau;Loja;2024-06-13;127.0;19.0;1.0;55.9
google;atr_search | Jaraguá do Sul;Loja;2024-06-13;21.0;6.0;1.0;9.38
google;atr_search | Joinville;Loja;2024-06-13;54.0;5.0;1.0;8.86
google;atr_search | marca;Loja;2024-06-13;82.0;19.0;3.0;43.42
google;atr_search | Blumenau;HB20;2024-06-14;126.0;16.0;2.0;71.83
google;atr_search | Jaraguá do Sul;HB20;2024-06-14;28.0;4.0;0.0;8.47
google;atr_search | Joinville;HB20;2024-06-14;51.0;11.0;2.0;23.46
google;atr_search | marca;HB20;2024-06-14;73.0;20.0;4.0;47.16
google;atr_search | Blumenau;HB20;2024-06-15;89.0;11.0;0.0;50.9
google;atr_search | Jaraguá do Sul;HB20;2024-06-15;16.0;3.0;1.0;5.26
google;atr_search | Joinville;HB20;2024-06-15;20.0;5.0;0.0;7.74
google;atr_search | marca;HB20;2024-06-15;113.0;21.0;2.0;37.83
google;atr_search | Blumenau;Loja;2024-06-16;61.0;12.0;0.0;64.5
google;atr_search | Jaraguá do Sul;Loja;2024-06-16;13.0;3.0;0.0;4.11
google;atr_search | Joinville;Loja;2024-06-16;16.0;6.0;0.0;7.88
google;atr_search | marca;Loja;2024-06-16;92.0;15.0;1.0;25.45
google;atr_search | Blumenau;HB20;2024-06-17;76.0;16.0;0.0;79.88
google;atr_search | Jaraguá do Sul;HB20;2024-06-17;26.0;4.0;1.0;7.85
google;atr_search | Joinville;HB20;2024-06-17;60.0;14.0;3.0;30.18
google;atr_search | marca;HB20;2024-06-17;105.0;15.0;1.0;37.84
google;atr_search | Blumenau;Creta;2024-06-18;78.0;12.0;0.0;79.98
google;atr_search | Jaraguá do Sul;Creta;2024-06-18;18.0;3.0;2.0;6.33
google;atr_search | Joinville;Creta;2024-06-18;34.0;7.0;0.0;8.7
google;atr_search | marca;Creta;2024-06-18;112.0;18.0;0.0;36.98
google;atr_search | Blumenau;Creta;2024-06-19;125.0;13.0;0.0;79.91
google;atr_search | Jaraguá do Sul;Creta;2024-06-19;33.0;5.0;2.0;10.83
google;atr_search | Joinville;Creta;2024-06-19;41.0;11.0;1.0;19.09
google;atr_search | marca;Creta;2024-06-19;105.0;18.0;2.0;32.93
google;atr_search | Blumenau;Loja;2024-06-20;62.0;9.0;0.0;79.99
google;atr_search | Jaraguá do Sul;Loja;2024-06-20;35.0;11.0;3.0;19.25
google;atr_search | Joinville;Loja;2024-06-20;48.0;15.0;1.0;28.48
google;atr_search | marca;Loja;2024-06-20;117.0;20.0;0.0;32.52
google;atr_search | Jaraguá do Sul;HB20;2024-06-21;32.0;6.0;0.0;7.14
google;atr_search | Joinville;HB20;2024-06-21;58.0;9.0;2.0;18.95
google;atr_search | marca;HB20;2024-06-21;149.0;32.0;4.0;56.66
google;atr_search | Jaraguá do Sul;HB20;2024-06-22;31.0;7.0;0.0;10.42
google;atr_search | Joinville;HB20;2024-06-22;58.0;14.0;0.0;43.44
google;atr_search | marca;HB20;2024-06-22;141.0;26.0;2.0;45.28
google;atr_search | Jaraguá do Sul;Loja;2024-06-23;6.0;2.0;0.0;2.41
google;atr_search | Joinville;Loja;2024-06-23;36.0;7.0;2.0;25.87
google;atr_search | marca;Loja;2024-06-23;111.0;14.0;0.0;18.12
google;atr_search | Jaraguá do Sul;HB20;2024-06-24;43.0;6.0;0.0;16.64
google;atr_search | Joinville;HB20;2024-06-24;101.0;31.0;1.0;105.05
google;atr_search | marca;HB20;2024-06-24;196.0;33.0;3.0;70.74
google;atr_search | Jaraguá do Sul;Creta;2024-06-25;29.0;6.0;1.0;23.85
google;atr_search | Joinville;Creta;2024-06-25;58.0;10.0;0.0;30.4
google;atr_search | marca;Creta;2024-06-25;204.0;24.0;2.0;43.89
google;atr_search | Jaraguá do Sul;Creta;2024-06-26;35.0;5.0;0.0;22.45
google;atr_search | Joinville;Creta;2024-06-26;84.0;18.0;1.0;84.76
google;atr_search | marca;Creta;2024-06-26;169.0;33.0;1.0;59.1
google;atr_search | Jaraguá do Sul;Loja;2024-06-27;32.0;5.0;1.0;35.83
google;atr_search | Joinville;Loja;2024-06-27;89.0;10.0;1.0;52.11
google;atr_search | marca;Loja;2024-06-27;163.0;26.0;2.0;57.94
google;atr_search | Jaraguá do Sul;HB20;2024-06-28;53.0;11.0;0.0;60.16
google;atr_search | Joinville;HB20;2024-06-28;53.0;10.0;0.0;106.73
google;atr_search | marca;HB20;2024-06-28;143.0;26.0;2.0;55.23
google;atr_search | Jaraguá do Sul;HB20;2024-06-29;39.0;4.0;1.0;27.8
google;atr_search | Joinville;HB20;2024-06-29;28.0;8.0;2.0;87.11
google;atr_search | marca;HB20;2024-06-29;106.0;20.0;1.0;32.39
google;atr_search | Jaraguá do Sul;Loja;2024-06-30;33.0;5.0;2.0;47.93
google;atr_search | Joinville;Loja;2024-06-30;16.0;5.0;1.0;13.96
google;atr_search | marca;Loja;2024-06-30;77.0;16.0;1.0;24.24
google;atr_search | Blumenau;HB20;2024-07-01;14.0;1.0;0.0;2.62
google;atr_search | Jaraguá do Sul;HB20;2024-07-01;38.0;6.0;0.0;67.28
google;atr_search | Joinville;HB20;2024-07-01;85.0;13.0;0.0;65.97
google;atr_search | marca;HB20;2024-07-01;214.0;21.0;0.0;27.79
google;atr_search | Blumenau;Creta;2024-07-02;83.0;13.0;0.0;79.42
google;atr_search | Jaraguá do Sul;Creta;2024-07-02;61.0;3.0;2.0;40.87
google;atr_search | Joinville;Creta;2024-07-02;59.0;8.0;1.0;34.82
google;atr_search | marca;Creta;2024-07-02;356.0;34.0;2.0;53.51
google;atr_search | Blumenau;Creta;2024-07-03;150.0;11.0;0.0;40.31
google;atr_search | Jaraguá do Sul;Creta;2024-07-03;261.0;16.0;0.0;49.03
google;atr_search | Joinville;Creta;2024-07-03;246.0;21.0;3.0;37.85
google;atr_search | marca;Creta;2024-07-03;318.0;28.0;2.0;48.83
google;atr_search | Blumenau;Loja;2024-07-04;245.0;16.0;1.0;47.85
google;atr_search | Jaraguá do Sul;Loja;2024-07-04;145.0;5.0;0.0;35.51
google;atr_search | Joinville;Loja;2024-07-04;300.0;15.0;0.0;38.03
google;atr_search | marca;Loja;2024-07-04;314.0;29.0;1.0;46.43
google;atr_search | Blumenau;HB20;2024-07-05;106.0;16.0;2.0;38.76
google;atr_search | Jaraguá do Sul;HB20;2024-07-05;303.0;14.0;0.0;43.06
google;atr_search | Joinville;HB20;2024-07-05;302.0;19.0;0.0;28.67
google;atr_search | marca;HB20;2024-07-05;536.0;31.0;2.0;38.5
google;atr_search | Blumenau;HB20;2024-07-06;191.0;25.0;2.0;46.98
google;atr_search | Jaraguá do Sul;HB20;2024-07-06;117.0;8.0;0.0;36.02
google;atr_search | Joinville;HB20;2024-07-06;74.0;6.0;0.0;23.32
google;atr_search | marca;HB20;2024-07-06;310.0;24.0;3.0;30.6
google;atr_search | Blumenau;Loja;2024-07-07;270.0;22.0;1.0;44.94
google;atr_search | Jaraguá do Sul;Loja;2024-07-07;153.0;12.0;1.0;24.31
google;atr_search | Joinville;Loja;2024-07-07;351.0;15.0;1.0;32.93
google;atr_search | marca;Loja;2024-07-07;313.0;23.0;1.0;29.71
google;atr_search | Blumenau;HB20;2024-07-08;181.0;23.0;0.0;42.47
google;atr_search | Jaraguá do Sul;HB20;2024-07-08;218.0;20.0;0.0;36.25
google;atr_search | Joinville;HB20;2024-07-08;463.0;20.0;1.0;34.61
google;atr_search | marca;HB20;2024-07-08;447.0;35.0;1.0;39.91
google;atr_search | Blumenau;Creta;2024-07-09;161.0;15.0;0.0;48.12
google;atr_search | Jaraguá do Sul;Creta;2024-07-09;376.0;21.0;0.0;36.79
google;atr_search | Joinville;Creta;2024-07-09;336.0;16.0;1.0;32.52
google;atr_search | marca;Creta;2024-07-09;360.0;35.0;2.0;42.83
google;atr_search | Blumenau;Creta;2024-07-10;303.0;19.0;0.0;37.64
google;atr_search | Jaraguá do Sul;Creta;2024-07-10;325.0;20.0;1.0;37.93
google;atr_search | Joinville;Creta;2024-07-10;440.0;16.0;0.0;20.65
google;atr_search | marca;Creta;2024-07-10;391.0;24.0;1.0;40.4
google;atr_search | Blumenau;Loja;2024-07-11;199.0;17.0;0.0;40.6
google;atr_search | Jaraguá do Sul;Loja;2024-07-11;339.0;19.0;0.0;34.91
google;atr_search | Joinville;Loja;2024-07-11;473.0;30.0;1.0;53.22
google;atr_search | marca;Loja;2024-07-11;580.0;34.0;2.0;39.19
google;atr_search | Blumenau;HB20;2024-07-12;245.0;17.0;0.0;29.69
google;atr_search | Jaraguá do Sul;HB20;2024-07-12;301.0;23.0;0.0;35.61
google;atr_search | Joinville;HB20;2024-07-12;259.0;15.0;1.0;25.53
google;atr_search | marca;HB20;2024-07-12;494.0;44.0;0.0;55.71
google;atr_search | Blumenau;HB20;2024-07-13;143.0;13.0;0.0;19.09
google;atr_search | Jaraguá do Sul;HB20;2024-07-13;171.0;14.0;1.0;16.81
google;atr_search | Joinville;HB20;2024-07-13;184.0;10.0;0.0;10.59
google;atr_search | marca;HB20;2024-07-13;368.0;22.0;0.0;35.36
google;atr_search | Blumenau;Loja;2024-07-14;121.0;8.0;0.0;6.51
google;atr_search | Jaraguá do Sul;Loja;2024-07-14;195.0;5.0;0.0;4.55
google;atr_search | Joinville;Loja;2024-07-14;232.0;14.0;0.0;14.28
google;atr_search | marca;Loja;2024-07-14;293.0;26.0;2.0;34.81
google;atr_search | Blumenau;HB20;2024-07-15;145.0;14.0;0.0;12.19
google;atr_search | Jaraguá do Sul;HB20;2024-07-15;160.0;12.0;0.0;16.39
google;atr_search | Joinville;HB20;2024-07-15;308.0;27.0;1.0;35.09
google;atr_search | marca;HB20;2024-07-15;541.0;31.0;2.0;46.74
google;atr_search | Blumenau;Creta;2024-07-16;161.0;12.0;0.0;13.73
google;atr_search | Jaraguá do Sul;Creta;2024-07-16;155.0;16.0;0.0;18.64
google;atr_search | Joinville;Creta;2024-07-16;193.0;11.0;0.0;11.88
google;atr_search | marca;Creta;2024-07-16;618.0;41.0;1.0;55.85
google;atr_search | Blumenau;Creta;2024-07-17;157.0;9.0;1.0;9.71
google;atr_search | Joinville;Creta;2024-07-17;220.0;13.0;0.5;17.91
google;atr_search | marca;Creta;2024-07-17;471.0;29.0;0.5;44.12
google;atr_search | Blumenau;Loja;2024-07-18;147.0;10.0;0.0;9.59
google;atr_search | joinviile (NEW) - TESTE;Loja;2024-07-18;20.0;6.0;1.0;11.53
google;atr_search | Joinville;Loja;2024-07-18;200.0;9.0;1.0;9.31
google;atr_search | marca;Loja;2024-07-18;567.0;31.0;0.0;42.39
google;atr_search | Blumenau;HB20;2024-07-19;156.0;8.0;1.0;6.25
google;atr_search | joinviile (NEW) - TESTE;HB20;2024-07-19;64.0;17.0;1.0;42.53
google;atr_search | Joinville;HB20;2024-07-19;174.0;13.0;0.0;11.31
google;atr_search | marca;HB20;2024-07-19;198.0;19.0;1.0;30.44
google;atr_search | Blumenau;HB20;2024-07-20;129.0;8.0;0.0;8.83
google;atr_search | joinviile (NEW) - TESTE;HB20;2024-07-20;80.0;14.0;0.0;41.78
google;atr_search | Joinville;HB20;2024-07-20;149.0;4.0;0.0;5.36
google;atr_search | marca;HB20;2024-07-20;319.0;20.0;2.0;32.81
google;atr_search | Blumenau;Loja;2024-07-21;82.0;9.0;0.0;13.54
google;atr_search | joinviile (NEW) - TESTE;Loja;2024-07-21;62.0;10.0;0.0;42.85
google;atr_search | Joinville;Loja;2024-07-21;141.0;8.0;0.0;6.35
google;atr_search | marca;Loja;2024-07-21;341.0;22.0;0.0;30.13
google;atr_search | Blumenau;HB20;2024-07-22;73.0;7.0;0.0;5.36
google;atr_search | joinviile (NEW) - TESTE;HB20;2024-07-22;85.0;9.0;1.0;48.57
google;atr_search | Joinville;HB20;2024-07-22;276.0;12.0;1.0;13.7
google;atr_search | marca;HB20;2024-07-22;362.0;32.0;2.0;50.98
google;atr_search | joinviile (NEW) - TESTE;Creta;2024-07-23;12.0;1.0;0.0;16.8
google;atr_search | Joinville;Creta;2024-07-23;211.0;13.0;0.0;15.12
google;atr_search | marca;Creta;2024-07-23;679.0;55.0;2.0;81.67
google;atr_search | AsU;Creta;2024-07-24;8.0;0.0;0.0;0.0
google;atr_search | Joinville;Creta;2024-07-24;235.0;16.0;0.0;13.1
google;atr_search | marca;Creta;2024-07-24;655.0;52.0;5.0;78.73
google;atr_search | AsU;Loja;2024-07-25;185.0;24.0;2.0;39.06
google;atr_search | Joinville;Loja;2024-07-25;219.0;21.0;1.0;22.57
google;atr_search | marca;Loja;2024-07-25;513.0;59.0;2.0;82.3
google;atr_search | AsU;HB20;2024-07-26;174.0;16.0;0.0;23.68
google;atr_search | Joinville;HB20;2024-07-26;165.0;11.0;0.0;8.92
google;atr_search | marca;HB20;2024-07-26;595.0;48.0;1.0;60.93
google;atr_search | AsU;HB20;2024-07-27;99.0;15.0;0.0;18.2
google;atr_search | Joinville;HB20;2024-07-27;139.0;10.0;0.0;8.44
google;atr_search | marca;HB20;2024-07-27;694.0;67.0;3.0;77.01
google;atr_search | AsU;Loja;2024-07-28;108.0;6.0;0.0;6.57
google;atr_search | Joinville;Loja;2024-07-28;133.0;9.0;0.0;7.29
google;atr_search | marca;Loja;2024-07-28;563.0;56.0;1.0;70.03
google;atr_search | AsU;HB20;2024-07-29;226.0;25.0;1.0;35.07
google;atr_search | Joinville;HB20;2024-07-29;219.0;12.0;1.0;15.34
google;atr_search | marca;HB20;2024-07-29;577.0;60.0;2.0;83.33
google;atr_search | AsU;Creta;2024-07-30;146.0;14.0;2.0;16.99
google;atr_search | Joinville;Creta;2024-07-30;218.0;7.0;2.0;6.78
google;atr_search | marca;Creta;2024-07-30;517.0;52.0;2.0;73.4
google;atr_search | AsU;Creta;2024-07-31;123.0;14.0;0.0;15.18
google;atr_search | Joinville;Creta;2024-07-31;194.0;6.0;0.0;4.59
google;atr_search | marca;Creta;2024-07-31;486.0;45.0;5.0;67.6
google;atr_search | AsU;Loja;2024-08-01;98.0;7.0;0.0;13.98
google;atr_search | Joinville;Loja;2024-08-01;141.0;10.0;1.0;7.16
google;atr_search | marca;Loja;2024-08-01;603.0;46.0;5.0;59.15
google;atr_search | AsU;HB20;2024-08-02;61.0;3.0;0.0;3.25
google;atr_search | Joinville;HB20;2024-08-02;110.0;8.0;0.0;8.15
google;atr_search | marca;HB20;2024-08-02;572.0;48.0;1.0;50.15
google;atr_search | AsU;HB20;2024-08-03;47.0;2.0;0.0;2.47
google;atr_search | Joinville;HB20;2024-08-03;104.0;2.0;0.0;2.21
google;atr_search | marca;HB20;2024-08-03;537.0;56.0;1.0;58.14
google;atr_search | AsU;Loja;2024-08-04;42.0;4.0;0.0;3.91
google;atr_search | Joinville;Loja;2024-08-04;104.0;4.0;0.0;2.45
google;atr_search | marca;Loja;2024-08-04;509.0;42.0;0.0;36.24
google;atr_search | AsU;HB20;2024-08-05;96.0;12.0;0.0;13.63
google;atr_search | Joinville;HB20;2024-08-05;147.0;8.0;1.0;4.74
google;atr_search | marca;HB20;2024-08-05;703.0;57.0;7.0;78.59
google;atr_search | AsU;Creta;2024-08-06;70.0;3.0;1.0;2.85
google;atr_search | Joinville;Creta;2024-08-06;119.0;7.0;0.0;8.58
google;atr_search | marca;Creta;2024-08-06;587.0;46.0;1.0;56.46
google;atr_search | AsU;Creta;2024-08-07;38.0;3.0;0.0;4.36
google;atr_search | Joinville;Creta;2024-08-07;109.0;7.0;1.0;6.5
google;atr_search | marca;Creta;2024-08-07;466.0;36.0;1.0;45.04
google;atr_search | AsU;Loja;2024-08-08;42.0;6.0;1.0;5.21
google;atr_search | Joinville;Loja;2024-08-08;120.0;8.0;0.0;8.39
google;atr_search | marca;Loja;2024-08-08;585.0;49.0;2.0;53.32
google;atr_search | AsU;HB20;2024-08-09;44.0;6.0;0.0;6.68
google;atr_search | Joinville;HB20;2024-08-09;81.0;5.0;2.0;3.76
google;atr_search | marca;HB20;2024-08-09;511.0;48.0;3.0;72.45
google;atr_search | AsU;HB20;2024-08-10;34.0;5.0;0.0;6.54
google;atr_search | Joinville;HB20;2024-08-10;89.0;8.0;0.0;7.82
google;atr_search | marca;HB20;2024-08-10;364.0;40.0;2.0;42.71
google;atr_search | AsU;Loja;2024-08-11;24.0;1.0;0.0;0.8
google;atr_search | Joinville;Loja;2024-08-11;97.0;3.0;0.0;2.97
google;atr_search | marca;Loja;2024-08-11;385.0;22.0;0.0;28.75
google;atr_search | AsU;HB20;2024-08-12;61.0;2.0;0.0;2.52
google;atr_search | Joinville;HB20;2024-08-12;119.0;8.0;0.0;5.82
google;atr_search | marca;HB20;2024-08-12;640.0;46.0;1.0;54.33
google;atr_search | AsU;Creta;2024-08-13;38.0;2.0;0.0;1.34
google;atr_search | Joinville;Creta;2024-08-13;93.0;9.0;0.0;5.97
google;atr_search | marca;Creta;2024-08-13;653.0;65.0;1.0;72.77
google;atr_search | AsU;Creta;2024-08-14;25.0;3.0;0.0;3.07
google;atr_search | Joinville;Creta;2024-08-14;99.0;12.0;0.0;11.1
google;atr_search | marca;Creta;2024-08-14;576.0;53.0;2.0;63.9
google;atr_search | AsU;Loja;2024-08-15;28.0;2.0;1.0;1.35
google;atr_search | Joinville;Loja;2024-08-15;131.0;4.0;0.0;6.23
google;atr_search | marca;Loja;2024-08-15;605.0;59.0;3.0;67.69
google;atr_search | AsU;HB20;2024-08-16;56.0;3.0;0.0;5.54
google;atr_search | Joinville;HB20;2024-08-16;122.0;4.0;0.0;3.64
google;atr_search | marca;HB20;2024-08-16;380.0;50.0;0.0;68.16
google;atr_search | AsU;HB20;2024-08-17;28.0;1.0;1.0;1.26
google;atr_search | Joinville;HB20;2024-08-17;98.0;5.0;0.0;4.92
google;atr_search | marca;HB20;2024-08-17;395.0;35.0;2.0;38.45
google;atr_search | AsU;Loja;2024-08-18;13.0;2.0;0.0;1.82
google;atr_search | Joinville;Loja;2024-08-18;88.0;2.0;0.0;0.53
google;atr_search | marca;Loja;2024-08-18;422.0;39.0;4.0;49.09
google;atr_search | AsU;HB20;2024-08-19;60.0;4.0;1.0;2.82
google;atr_search | Joinville;HB20;2024-08-19;136.0;9.0;0.0;6.22
google;atr_search | marca;HB20;2024-08-19;709.0;76.0;4.0;96.99
google;atr_search | AsU;Creta;2024-08-20;55.0;5.0;0.0;5.99
google;atr_search | Joinville;Creta;2024-08-20;154.0;14.0;0.0;13.11
google;atr_search | marca;Creta;2024-08-20;703.0;74.0;4.0;98.89
google;atr_search | AsU;Creta;2024-08-21;66.0;5.0;1.0;4.44
google;atr_search | Joinville;Creta;2024-08-21;119.0;8.0;1.0;6.49
google;atr_search | marca;Creta;2024-08-21;550.0;70.0;3.0;91.08
google;atr_search | AsU;Loja;2024-08-22;45.0;4.0;0.0;5.4
google;atr_search | Joinville;Loja;2024-08-22;143.0;9.0;1.0;11.69
google;atr_search | marca;Loja;2024-08-22;666.0;52.0;1.0;78.89
google;atr_search | AsU;HB20;2024-08-23;76.0;9.0;1.0;9.3
google;atr_search | Joinville;HB20;2024-08-23;132.0;12.0;0.0;8.94
google;atr_search | marca;HB20;2024-08-23;403.0;47.0;4.0;65.87
google;atr_search | AsU;HB20;2024-08-24;39.0;5.0;0.0;6.21
google;atr_search | Joinville;HB20;2024-08-24;121.0;12.0;0.0;11.36
google;atr_search | marca;HB20;2024-08-24;528.0;41.0;2.0;47.32
google;atr_search | AsU;Loja;2024-08-25;24.0;2.0;1.0;1.62
google;atr_search | Joinville;Loja;2024-08-25;79.0;1.0;0.0;0.35
google;atr_search | marca;Loja;2024-08-25;436.0;34.0;2.0;40.72
google;atr_search | AsU;HB20;2024-08-26;113.0;10.0;0.0;13.28
google;atr_search | Blumenau;HB20;2024-08-26;11.0;1.0;0.0;0.5
google;atr_search | Jaraguá do Sul;HB20;2024-08-26;10.0;1.0;0.0;0.85
google;atr_search | Joinville;HB20;2024-08-26;199.0;16.0;0.0;18.69
google;atr_search | marca;HB20;2024-08-26;315.0;37.0;1.0;50.52
google;atr_search | Ponta Grossa;HB20;2024-08-26;18.0;3.0;0.0;3.43
google;atr_search | AsU;Creta;2024-08-27;103.0;23.0;2.0;25.82
google;atr_search | Blumenau;Creta;2024-08-27;117.0;20.0;1.0;32.87
google;atr_search | Jaraguá do Sul;Creta;2024-08-27;68.0;11.0;0.0;19.86
google;atr_search | Joinville;Creta;2024-08-27;198.0;14.0;0.0;19.46
google;atr_search | marca;Creta;2024-08-27;297.0;19.0;3.0;26.99
google;atr_search | Ponta Grossa;Creta;2024-08-27;1044.0;15.0;1.0;13.66
google;atr_search | AsU;Creta;2024-08-28;102.0;13.0;0.0;19.59
google;atr_search | Blumenau;Creta;2024-08-28;105.0;14.0;4.0;30.16
google;atr_search | Jaraguá do Sul;Creta;2024-08-28;211.0;13.0;4.0;18.21
google;atr_search | Joinville;Creta;2024-08-28;158.0;19.0;2.0;23.64
google;atr_search | marca;Creta;2024-08-28;434.0;26.0;0.0;24.22
google;atr_search | Ponta Grossa;Creta;2024-08-28;453.0;34.0;1.0;49.21
google;atr_search | AsU;Loja;2024-08-29;81.0;11.0;1.0;25.88
google;atr_search | Blumenau;Loja;2024-08-29;111.0;16.0;4.0;23.6
google;atr_search | Jaraguá do Sul;Loja;2024-08-29;80.0;5.0;3.0;12.16
google;atr_search | Joinville;Loja;2024-08-29;125.0;13.0;2.0;20.11
google;atr_search | marca;Loja;2024-08-29;430.0;23.0;1.5;25.63
google;atr_search | Ponta Grossa;Loja;2024-08-29;777.0;24.0;2.0;31.7
google;atr_search | AsU;HB20;2024-08-30;161.0;16.0;3.0;24.25
google;atr_search | Blumenau;HB20;2024-08-30;103.0;13.0;1.0;19.03
google;atr_search | Jaraguá do Sul;HB20;2024-08-30;190.0;9.0;3.0;17.51
google;atr_search | Joinville;HB20;2024-08-30;150.0;15.0;4.0;23.93
google;atr_search | marca;HB20;2024-08-30;157.0;17.0;4.5;24.65
google;atr_search | Ponta Grossa;HB20;2024-08-30;896.0;35.0;0.0;32.52
google;atr_search | AsU;HB20;2024-08-31;112.0;9.0;1.0;16.85
google;atr_search | Blumenau;HB20;2024-08-31;88.0;14.0;3.0;19.78
google;atr_search | Jaraguá do Sul;HB20;2024-08-31;129.0;10.0;3.0;20.71
google;atr_search | Joinville;HB20;2024-08-31;145.0;9.0;1.0;17.64
google;atr_search | marca;HB20;2024-08-31;339.0;29.0;1.0;25.65
google;atr_search | Ponta Grossa;HB20;2024-08-31;263.0;15.0;2.0;20.14
